service_id,rank,last_name,first_name,patronymic,full_name,gender,position_index,position_title,subdivision,position_assigned_date,arrived_from,enrollment_date,enrollment_order_date,enrollment_order_number,appointment_order_date,appointment_order_issuer,appointment_order_number,rank_order_date,rank_order_issuer,rank_order_number,service_type,contract_start_date,contract_end_date,conscription_period,rnokpp,id_document_type,id_document_series,id_document_number,birth_date,birth_place,service_entry_date,service_entry_authority,education,relatives_info,additional_info,phone
UNIT-0001,сержант,Гавриш,Адам,Станіславович,Гавриш Адам Станіславович,чоловіча,02-001,старшина роти,2-га механізована рота,2025-01-13,запас (повторний призов),2024-07-07,2024-07-10,№556,2025-01-14,командир батальйону,№766,2024-12-17,начальник штабу батальйону,№59,військова служба за мобілізацією,,,на весь період мобілізації,0133890838,Паспорт громадянина України (книжечка),БУ,218196,1972-10-03,село Лохвиця,2024-06-27,Шевченківський РТЦК та СП м. Києва,базова вища,дружина/чоловік — Михайло,,+380 02 654-23-51
UNIT-0002,старшина,Вернигора,Іван,Артемович,Вернигора Іван Артемович,чоловіча,03-001,командир відділення,3-тя механізована рота,2025-12-16,переведення з іншої військової частини,2025-03-24,2025-03-24,№609,2025-12-21,командир батальйону,№635,2026-06-26,командир батальйону,№430,військова служба за контрактом,2025-03-15,2028-03-15,,8495931034,Паспорт громадянина України (книжечка),УЗ,407816,1975-12-16,село Чугуїв,2025-03-15,Київський РТЦК та СП Полтавської області,базова вища,"дружина/чоловік — Варвара, діти — 3",має посвідчення водія категорії C,+380 (47) 525-53-41
UNIT-0003,рядовий,Дрозденко,Максим,Соломонович,Дрозденко Максим Соломонович,чоловіча,01-001,сапер,1-ша механізована рота,2024-12-10,переведення з іншої військової частини,2024-04-01,2024-04-03,№103,2024-12-10,командир батальйону,№551,2026-03-13,командир бригади,№519,військова служба за мобілізацією,,,на весь період мобілізації,4139537672,Паспорт громадянина України (ID-картка),,648350305,1997-11-23,село Дрогобич,2024-03-25,Соборний РТЦК та СП м. Дніпра,повна загальна середня,дружина/чоловік — Лілія,,+380 (96) 532-87-10
UNIT-0004,старшина,Гаврилів,Борислав,Петрович,Гаврилів Борислав Петрович,чоловіча,01-002,старшина роти,1-ша механізована рота,2026-06-01,новобранець (мобілізація),2023-07-10,2023-07-10,№962,2026-06-06,командир бригади,№271,2025-04-21,командир батальйону,№912,військова служба за контрактом,2023-07-06,2026-07-06,,1845146270,Паспорт громадянина України (ID-картка),,916697848,1971-05-18,село Мостиська,2023-07-06,Шевченківський РТЦК та СП м. Києва,вища,неодружений(а),,489 32 52
UNIT-0005,рядовий,Абраменко,Назар,Демʼянович,Абраменко Назар Демʼянович,чоловіча,01-003,сапер,1-ша механізована рота,2026-05-01,новобранець (мобілізація),2026-04-30,2026-05-03,№650,2026-05-03,командувач Сухопутних військ ЗСУ,№850,2026-05-13,начальник штабу батальйону,№46,базова військова служба,,,12 місяців,8227824896,Паспорт громадянина України (ID-картка),,543039117,1975-04-22,село Славута,2026-04-22,Шевченківський РТЦК та СП м. Києва,професійно-технічна,неодружений(а),має досвід роботи з БПЛА,+380 65 787-13-31
UNIT-0006,старший солдат,Примаченко,Аврелій,Омелянович,Примаченко Аврелій Омелянович,чоловіча,03-002,санітар-інструктор,3-тя механізована рота,2025-01-23,Навчальний центр «Десна»,2024-02-16,2024-02-16,№559,2025-01-23,командир батальйону,№855,2024-02-19,начальник штабу батальйону,№597,військова служба за мобілізацією,,,на весь період мобілізації,7382997376,Паспорт громадянина України (ID-картка),,103105183,1989-07-18,місто Борзна,2024-02-08,Київський РТЦК та СП Полтавської області,повна загальна середня,неодружений(а),,+380 (56) 670-10-65
UNIT-0007,старший сержант,Гаврилишин,Вʼячеслав,Васильович,Гаврилишин Вʼячеслав Васильович,чоловіча,02-002,командир відділення,2-га механізована рота,2026-01-31,Навчальний центр Сухопутних військ,2023-10-21,2023-10-23,№998,2026-02-01,командир бригади,№948,2025-09-02,командир бригади,№886,військова служба за контрактом,2023-10-07,2028-10-07,,7810801326,Паспорт громадянина України (книжечка),ЩТ,262473,1975-09-22,хутір Городок,2023-10-07,Личаківський РТЦК та СП м. Львова,вища,дружина/чоловік — Трохим,,+380 (02) 606-47-46
UNIT-0008,старший сержант,Якимчук,Данна,Васильівна,Якимчук Данна Васильівна,жіноча,02-003,заступник командира взводу,2-га механізована рота,2025-03-02,Навчальний центр Сухопутних військ,2024-09-14,2024-09-15,№894,2025-03-04,командир батальйону,№880,2024-10-17,командувач Сухопутних військ ЗСУ,№228,військова служба за мобілізацією,,,на весь період мобілізації,0812191361,Паспорт громадянина України (ID-картка),,980500978,1981-04-23,місто Полонне,2024-09-02,Личаківський РТЦК та СП м. Львова,вища,дружина/чоловік — Богданна,,+380 (99) 854-35-34
UNIT-0009,рядовий,Терещук,Богуслав,Прохорович,Терещук Богуслав Прохорович,чоловіча,01-004,сапер,1-ша механізована рота,2025-09-16,переведення з іншої військової частини,2024-09-26,2024-09-26,№340,2025-09-18,командир батальйону,№119,2025-05-16,начальник штабу батальйону,№183,військова служба за мобілізацією,,,на весь період мобілізації,8384251354,Паспорт громадянина України (книжечка),ЦЯ,107991,1975-07-31,хутір Хоростків,2024-09-13,Київський РТЦК та СП Полтавської області,вища,неодружений(а),,+380 98 084-12-41
UNIT-0010,сержант,Гавриленко,Роман,Несторович,Гавриленко Роман Несторович,чоловіча,03-003,заступник командира взводу,3-тя механізована рота,2024-08-23,новобранець (мобілізація),2023-06-27,2023-06-27,№533,2024-08-26,командир бригади,№373,2024-08-31,командувач Сухопутних військ ЗСУ,№72,військова служба за контрактом,2023-06-21,2024-06-21,,4016400524,Паспорт громадянина України (книжечка),ЧО,935348,2003-11-03,хутір Новоукраїнка,2023-06-21,Соборний РТЦК та СП м. Дніпра,базова вища,"дружина/чоловік — Олена, діти — 1",,112-80-59
UNIT-0011,рядовий,Данько,Єфрем,Богуславович,Данько Єфрем Богуславович,чоловіча,01-005,сапер,1-ша механізована рота,2023-11-01,запас (повторний призов),2022-07-11,2022-07-12,№767,2023-11-02,командир бригади,№631,2024-01-20,начальник штабу батальйону,№416,військова служба за мобілізацією,,,на весь період мобілізації,3226025634,Паспорт громадянина України (ID-картка),,053315869,1981-02-10,місто Кодима,2022-07-03,Київський РТЦК та СП Полтавської області,вища,"дружина/чоловік — Амалія, діти — 2",,+380 33 754 33 03
UNIT-0012,старший солдат,Тимченко,Демид,Гордійович,Тимченко Демид Гордійович,чоловіча,04-001,водій,Взвод забезпечення,2026-01-18,запас (повторний призов),2022-10-05,2022-10-08,№635,2026-01-23,начальник штабу батальйону,№96,2023-12-04,командир бригади,№689,військова служба за мобілізацією,,,на весь період мобілізації,4294019655,Паспорт громадянина України (книжечка),СЦ,586850,1978-06-11,місто Коломия,2022-09-27,Соборний РТЦК та СП м. Дніпра,повна загальна середня,неодружений(а),,040 608-83-56
UNIT-0013,старший солдат,Бевзенко,Орест,Дмитрович,Бевзенко Орест Дмитрович,чоловіча,01-006,кулеметник,1-ша механізована рота,2026-04-01,Навчальний центр Сухопутних військ,2024-11-02,2024-11-05,№410,2026-04-06,командир бригади,№152,2025-01-30,командир батальйону,№915,військова служба за контрактом,2024-10-26,2029-10-26,,6629946804,Паспорт громадянина України (ID-картка),,484656482,1983-08-26,село Куп'янськ,2024-10-26,Шевченківський РТЦК та СП м. Києва,вища,неодружений(а),проходить строкову медичну комісію,+380 77 738-72-14
UNIT-0014,старший солдат,Пилипенко,Арсен,Юстимович,Пилипенко Арсен Юстимович,чоловіча,03-004,снайпер,3-тя механізована рота,2025-06-22,переведення з іншої військової частини,2024-02-26,2024-02-26,№325,2025-06-25,командувач Сухопутних військ ЗСУ,№628,2025-02-05,командувач Сухопутних військ ЗСУ,№851,військова служба за мобілізацією,,,на весь період мобілізації,7693676320,Паспорт громадянина України (книжечка),СТ,320037,1975-07-21,хутір Гуляйполе,2024-02-23,Київський РТЦК та СП Полтавської області,професійно-технічна,неодружений(а),проходить строкову медичну комісію,087 083 17 27
UNIT-0015,старший сержант,Опанасенко,Ростислав,Леонідович,Опанасенко Ростислав Леонідович,чоловіча,03-005,старшина роти,3-тя механізована рота,2026-07-05,Навчальний центр «Десна»,2026-06-15,2026-06-18,№279,2026-07-10,начальник штабу батальйону,№328,2026-07-24,командир батальйону,№142,військова служба за мобілізацією,,,на весь період мобілізації,7347143455,Паспорт громадянина України (книжечка),ЧК,277434,2006-01-25,село Вишневе,2026-06-11,Личаківський РТЦК та СП м. Львова,повна загальна середня,дружина/чоловік — Владислав,,+380 (23) 166-58-76
UNIT-0016,старший солдат,Батіг,Веніямин,Яковович,Батіг Веніямин Яковович,чоловіча,04-002,стрілець,Взвод забезпечення,2026-02-22,запас (повторний призов),2025-09-24,2025-09-27,№21,2026-02-25,командувач Сухопутних військ ЗСУ,№489,2026-07-16,командир батальйону,№966,базова військова служба,,,12 місяців,8893734670,Паспорт громадянина України (ID-картка),,909670546,1999-02-09,селище Ромни,2025-09-21,Соборний РТЦК та СП м. Дніпра,професійно-технічна,"дружина/чоловік — Остап, діти — 1",,+380 (27) 298-06-99
UNIT-0017,старший сержант,Артимишин,Аркадій,Панасович,Артимишин Аркадій Панасович,чоловіча,04-003,командир відділення,Взвод забезпечення,2025-12-15,запас (повторний призов),2025-10-24,2025-10-25,№818,2025-12-17,командувач Сухопутних військ ЗСУ,№742,2026-04-14,командир бригади,№861,військова служба за мобілізацією,,,на весь період мобілізації,5564641708,Паспорт громадянина України (книжечка),ЛЦ,204653,2001-07-15,селище Деражня,2025-10-17,Приморський РТЦК та СП м. Одеси,вища,"дружина/чоловік — Онисим, діти — 1",,003 30 92
UNIT-0018,рядовий,Каденюк,Богуслав,Кирилович,Каденюк Богуслав Кирилович,чоловіча,01-007,санітар-інструктор,1-ша механізована рота,2025-07-11,121 окрема бригада ТрО,2023-02-16,2023-02-19,№346,2025-07-12,командувач Сухопутних військ ЗСУ,№285,2024-01-18,командувач Сухопутних військ ЗСУ,№259,військова служба за мобілізацією,,,на весь період мобілізації,2419049663,Паспорт громадянина України (книжечка),ЖП,745299,1978-05-22,село Борщів,2023-02-14,Шевченківський РТЦК та СП м. Києва,професійно-технічна,"дружина/чоловік — Марта, діти — 1",,905 86 51
UNIT-0019,старший лейтенант,Деряжний,Омелян,Захарович,Деряжний Омелян Захарович,чоловіча,02-004,командир взводу,2-га механізована рота,2025-11-11,Навчальний центр «Десна»,2022-04-16,2022-04-16,№485,2025-11-12,командир батальйону,№578,2026-06-05,командир бригади,№477,військова служба за мобілізацією,,,на весь період мобілізації,8498776945,Паспорт громадянина України (книжечка),ДЗ,165726,1982-07-31,місто Жовті Води,2022-04-04,Соборний РТЦК та СП м. Дніпра,вища,неодружений(а),,+380 37 996 50 75
UNIT-0020,рядовий,Євдокименко,Леонід,Вікторович,Євдокименко Леонід Вікторович,чоловіча,02-005,навідник,2-га механізована рота,2025-09-22,Навчальний центр Сухопутних військ,2025-03-06,2025-03-06,№965,2025-09-26,командир бригади,№78,2025-11-21,командир бригади,№105,військова служба за мобілізацією,,,на весь період мобілізації,1367837770,Паспорт громадянина України (книжечка),ЦН,494808,1983-08-06,селище Дебальцеве,2025-03-02,Соборний РТЦК та СП м. Дніпра,вища,"дружина/чоловік — Одарка, діти — 2",має посвідчення водія категорії C,049 578-85-68
UNIT-0021,старший солдат,Перебийніс,Захар,Святославович,Перебийніс Захар Святославович,чоловіча,03-006,зв'язківець,3-тя механізована рота,2026-04-19,Навчальний центр Сухопутних військ,2026-01-04,2026-01-06,№725,2026-04-19,командир бригади,№446,2026-05-02,командир бригади,№752,військова служба за контрактом,2026-01-03,2029-01-03,,3374989413,Паспорт громадянина України (книжечка),МХ,431351,1983-03-12,село Канів,2026-01-03,Київський РТЦК та СП Полтавської області,вища,неодружений(а),проходить строкову медичну комісію,040 824 00 84
UNIT-0022,старший солдат,Гриценко,Олесь,Стефанович,Гриценко Олесь Стефанович,чоловіча,00-001,санітар-інструктор,Управління батальйону,2026-05-21,Навчальний центр Сухопутних військ,2026-05-12,2026-05-14,№584,2026-05-23,командувач Сухопутних військ ЗСУ,№345,2026-07-22,командир батальйону,№507,військова служба за контрактом,2026-04-29,2027-04-29,,2047116719,Паспорт громадянина України (книжечка),ПЗ,094777,1993-10-12,село Вишгород,2026-04-29,Соборний РТЦК та СП м. Дніпра,повна загальна середня,неодружений(а),має посвідчення водія категорії C,+380 13 186-99-93
UNIT-0023,молодший лейтенант,Скорик,Климент,Леонідович,Скорик Климент Леонідович,чоловіча,03-007,начальник штабу батальйону,3-тя механізована рота,2026-07-12,Навчальний центр Сухопутних військ,2024-09-12,2024-09-12,№569,2026-07-16,командир бригади,№708,2025-12-05,командувач Сухопутних військ ЗСУ,№662,базова військова служба,,,12 місяців,3341232812,Паспорт громадянина України (книжечка),ШО,649909,1977-05-07,хутір Лубни,2024-09-04,Приморський РТЦК та СП м. Одеси,професійно-технічна,неодружений(а),,+380 40 344 71 34
UNIT-0024,рядовий,Жаліло,Єлисей,Богданович,Жаліло Єлисей Богданович,чоловіча,03-008,зв'язківець,3-тя механізована рота,2024-09-17,121 окрема бригада ТрО,2024-01-30,2024-02-01,№720,2024-09-20,командувач Сухопутних військ ЗСУ,№278,2025-03-10,начальник штабу батальйону,№258,базова військова служба,,,12 місяців,7464887719,Паспорт громадянина України (ID-картка),,210249947,1979-01-21,хутір Сорокине,2024-01-23,Личаківський РТЦК та СП м. Львова,повна загальна середня,неодружений(а),,+380 94 013-99-04
UNIT-0025,старший сержант,Бабенко,Руслан,Стефанович,Бабенко Руслан Стефанович,чоловіча,02-006,командир відділення,2-га механізована рота,2025-08-24,переведення з іншої військової частини,2023-08-25,2023-08-26,№612,2025-08-29,начальник штабу батальйону,№103,2025-11-05,командир бригади,№304,військова служба за мобілізацією,,,на весь період мобілізації,5512567468,Паспорт громадянина України (ID-картка),,742967175,1998-05-20,хутір Богуслав,2023-08-22,Личаківський РТЦК та СП м. Львова,професійно-технічна,дружина/чоловік — Давид,,+380 51 680-87-60
UNIT-0026,молодший сержант,Єресько,Розалія,Орестівна,Єресько Розалія Орестівна,жіноча,02-007,старшина роти,2-га механізована рота,2026-07-23,121 окрема бригада ТрО,2026-05-24,2026-05-27,№189,2026-07-23,командир батальйону,№259,2026-07-03,командувач Сухопутних військ ЗСУ,№117,військова служба за контрактом,2026-05-22,2031-05-22,,7109324808,Паспорт громадянина України (книжечка),РП,034824,2000-05-29,місто Дергачі,2026-05-22,Шевченківський РТЦК та СП м. Києва,професійно-технічна,неодружений(а),,712 74 84
UNIT-0027,рядовий,Фаренюк,Стефан,Макарович,Фаренюк Стефан Макарович,чоловіча,03-009,сапер,3-тя механізована рота,2026-04-19,переведення з іншої військової частини,2026-03-03,2026-03-04,№232,2026-04-19,командувач Сухопутних військ ЗСУ,№462,2026-05-29,командувач Сухопутних військ ЗСУ,№305,військова служба за контрактом,2026-03-02,2029-03-02,,5840449972,Паспорт громадянина України (ID-картка),,826398214,1998-10-31,хутір Калуш,2026-03-02,Київський РТЦК та СП Полтавської області,вища,"дружина/чоловік — Демид, діти — 2",має досвід роботи з БПЛА,+380 (75) 339-63-60
UNIT-0028,старший сержант,Орлик,Роман,Кирилович,Орлик Роман Кирилович,чоловіча,03-010,старшина роти,3-тя механізована рота,2026-03-21,Навчальний центр «Десна»,2025-05-26,2025-05-28,№3,2026-03-26,командувач Сухопутних військ ЗСУ,№462,2025-09-18,командувач Сухопутних військ ЗСУ,№299,військова служба за мобілізацією,,,на весь період мобілізації,7187026217,Паспорт громадянина України (книжечка),ТВ,702895,1977-06-04,селище Помічна,2025-05-23,Шевченківський РТЦК та СП м. Києва,повна загальна середня,"дружина/чоловік — Петро, діти — 1",,+380 (15) 865-78-09
UNIT-0029,рядовий,Бевз,Володимир,Петрович,Бевз Володимир Петрович,чоловіча,01-008,водій,1-ша механізована рота,2025-02-02,Навчальний центр «Десна»,2024-08-10,2024-08-10,№74,2025-02-06,командир батальйону,№170,2026-03-07,начальник штабу батальйону,№610,військова служба за мобілізацією,,,на весь період мобілізації,0050455623,Паспорт громадянина України (книжечка),ИЯ,161172,1990-12-22,село Ворожба,2024-08-04,Київський РТЦК та СП Полтавської області,вища,"дружина/чоловік — Єва, діти — 1",,969 37 92
UNIT-0030,старший солдат,Ісаєнко,Світлана,Охрімівна,Ісаєнко Світлана Охрімівна,жіноча,00-002,оператор БПЛА,Управління батальйону,2026-04-13,121 окрема бригада ТрО,2024-04-30,2024-04-30,№27,2026-04-17,командир батальйону,№235,2025-05-24,командир батальйону,№784,військова служба за мобілізацією,,,на весь період мобілізації,5946474367,Паспорт громадянина України (книжечка),ЛФ,074821,2000-08-27,село Кодима,2024-04-23,Соборний РТЦК та СП м. Дніпра,базова вища,"дружина/чоловік — Пріска, діти — 2",,+380 40 640-90-97
UNIT-0031,рядовий,Малишко,Камілла,Омелянівна,Малишко Камілла Омелянівна,жіноча,03-011,санітар-інструктор,3-тя механізована рота,2025-08-21,новобранець (мобілізація),2025-03-04,2025-03-07,№879,2025-08-21,командир бригади,№338,2026-07-01,командувач Сухопутних військ ЗСУ,№711,військова служба за мобілізацією,,,на весь період мобілізації,7095214562,Паспорт громадянина України (книжечка),ЛЦ,394210,1991-08-14,село Торецьк,2025-02-22,Приморський РТЦК та СП м. Одеси,професійно-технічна,"дружина/чоловік — Марко, діти — 2",,+380 88 424-74-51
UNIT-0032,рядовий,Шило,Антон,Борисович,Шило Антон Борисович,чоловіча,02-008,кулеметник,2-га механізована рота,2025-10-15,переведення з іншої військової частини,2024-02-06,2024-02-09,№474,2025-10-19,командувач Сухопутних військ ЗСУ,№56,2026-06-08,командир бригади,№531,військова служба за контрактом,2024-01-25,2025-01-25,,9651370985,Паспорт громадянина України (ID-картка),,516048175,1988-06-08,місто Прип'ять,2024-01-25,Соборний РТЦК та СП м. Дніпра,базова вища,дружина/чоловік — Світлана,,+380 61 200-47-11
UNIT-0033,лейтенант,Їжак,Феофан,Михайлович,Їжак Феофан Михайлович,чоловіча,02-009,заступник командира батальйону,2-га механізована рота,2024-12-28,Навчальний центр «Десна»,2023-05-05,2023-05-08,№727,2024-12-28,командир бригади,№319,2025-03-25,командир батальйону,№566,військова служба за мобілізацією,,,на весь період мобілізації,4053773515,Паспорт громадянина України (ID-картка),,586926179,1998-05-14,місто Коростишів,2023-04-21,Приморський РТЦК та СП м. Одеси,повна загальна середня,"дружина/чоловік — Герман, діти — 1",володіє англійською мовою (розмовний рівень),017 139-00-53
UNIT-0034,рядовий,Гречко,Сергій,Олексович,Гречко Сергій Олексович,чоловіча,01-009,сапер,1-ша механізована рота,2024-03-16,Навчальний центр Сухопутних військ,2023-12-01,2023-12-03,№196,2024-03-19,командир бригади,№885,2026-04-01,командир батальйону,№283,військова служба за контрактом,2023-11-23,2026-11-23,,4228421020,Паспорт громадянина України (книжечка),ТД,393352,1970-10-15,село Перевальськ,2023-11-23,Приморський РТЦК та СП м. Одеси,професійно-технічна,дружина/чоловік — Михайлина,,240-26-81
UNIT-0035,молодший сержант,Батюк,Лесь,Леонтійович,Батюк Лесь Леонтійович,чоловіча,03-012,старшина роти,3-тя механізована рота,2026-05-03,переведення з іншої військової частини,2025-03-31,2025-04-01,№387,2026-05-06,командувач Сухопутних військ ЗСУ,№956,2026-06-28,начальник штабу батальйону,№891,військова служба за мобілізацією,,,на весь період мобілізації,4700766177,Паспорт громадянина України (книжечка),ТЩ,178390,2006-01-29,місто Ізюм,2025-03-24,Личаківський РТЦК та СП м. Львова,вища,неодружений(а),,012 499 85 69
UNIT-0036,старший солдат,Михайличенко,Костянтин,Микитович,Михайличенко Костянтин Микитович,чоловіча,02-010,зв'язківець,2-га механізована рота,2025-12-10,запас (повторний призов),2025-11-02,2025-11-05,№156,2025-12-15,командувач Сухопутних військ ЗСУ,№988,2026-07-21,командир батальйону,№130,базова військова служба,,,12 місяців,5766156545,Паспорт громадянина України (книжечка),ЦЮ,183673,1998-10-03,хутір Біла Церква,2025-10-22,Київський РТЦК та СП Полтавської області,вища,"дружина/чоловік — Валентина, діти — 1",,161 52 80
UNIT-0037,рядовий,Пелех,Віолетта,Євгенівна,Пелех Віолетта Євгенівна,жіноча,03-013,навідник,3-тя механізована рота,2026-01-26,121 окрема бригада ТрО,2025-03-04,2025-03-05,№639,2026-01-26,командувач Сухопутних військ ЗСУ,№666,2025-04-06,командир батальйону,№873,військова служба за мобілізацією,,,на весь період мобілізації,3158514936,Паспорт громадянина України (ID-картка),,494519832,2003-05-29,селище Бар,2025-02-26,Соборний РТЦК та СП м. Дніпра,вища,"дружина/чоловік — Єлисавета, діти — 1",,+380 45 502-29-61
UNIT-0038,старший солдат,Данилюк,Прохір,Павлович,Данилюк Прохір Павлович,чоловіча,02-011,снайпер,2-га механізована рота,2022-10-19,запас (повторний призов),2022-05-30,2022-05-30,№93,2022-10-20,командувач Сухопутних військ ЗСУ,№101,2025-08-01,командир батальйону,№455,військова служба за контрактом,2022-05-30,2025-05-30,,9910229014,Паспорт громадянина України (ID-картка),,836675254,1992-09-01,хутір Миргород,2022-05-30,Личаківський РТЦК та СП м. Львова,базова вища,дружина/чоловік — Орина,,+380 (43) 815-61-49
UNIT-0039,рядовий,Якимчук,Макар,Прохорович,Якимчук Макар Прохорович,чоловіча,02-012,снайпер,2-га механізована рота,2024-11-19,Навчальний центр Сухопутних військ,2024-10-15,2024-10-16,№635,2024-11-20,командир бригади,№510,2025-03-29,командир бригади,№238,військова служба за мобілізацією,,,на весь період мобілізації,5107622683,Паспорт громадянина України (ID-картка),,690034324,1990-04-17,місто Коростишів,2024-10-09,Приморський РТЦК та СП м. Одеси,базова вища,"дружина/чоловік — Трохим, діти — 1",володіє англійською мовою (розмовний рівень),607-15-96
UNIT-0040,рядовий,Товстоліс,Панас,Павлович,Товстоліс Панас Павлович,чоловіча,01-010,оператор БПЛА,1-ша механізована рота,2026-01-08,Навчальний центр Сухопутних військ,2025-09-18,2025-09-20,№866,2026-01-13,начальник штабу батальйону,№204,2025-10-27,командувач Сухопутних військ ЗСУ,№874,базова військова служба,,,12 місяців,3696816453,Паспорт громадянина України (ID-картка),,605297516,1977-10-19,село Білопілля,2025-09-13,Приморський РТЦК та СП м. Одеси,повна загальна середня,"дружина/чоловік — Ярослава, діти — 1",має досвід роботи з БПЛА,883 55 23
UNIT-0041,капітан,Власюк,Борис,Гаврилович,Власюк Борис Гаврилович,чоловіча,03-014,заступник командира батальйону,3-тя механізована рота,2024-07-28,переведення з іншої військової частини,2023-11-02,2023-11-02,№764,2024-08-01,командувач Сухопутних військ ЗСУ,№853,2026-05-21,начальник штабу батальйону,№795,військова служба за контрактом,2023-10-29,2028-10-29,,5271774490,Паспорт громадянина України (ID-картка),,212779979,1992-08-03,місто Золотоноша,2023-10-29,Личаківський РТЦК та СП м. Львова,базова вища,"дружина/чоловік — Левко, діти — 2",,+380 00 541 19 98
UNIT-0042,старший сержант,Сомко,Левко,Олесьович,Сомко Левко Олесьович,чоловіча,03-015,старшина роти,3-тя механізована рота,2024-06-11,новобранець (мобілізація),2022-07-14,2022-07-15,№317,2024-06-16,командувач Сухопутних військ ЗСУ,№35,2026-05-13,начальник штабу батальйону,№750,військова служба за мобілізацією,,,на весь період мобілізації,5182037788,Паспорт громадянина України (ID-картка),,935978207,1977-08-21,селище Ківерці,2022-07-01,Личаківський РТЦК та СП м. Львова,повна загальна середня,неодружений(а),має посвідчення водія категорії C,+380 66 590-51-51
UNIT-0043,рядовий,Стець,Гордій,Гаврилович,Стець Гордій Гаврилович,чоловіча,03-016,снайпер,3-тя механізована рота,2024-11-18,Навчальний центр Сухопутних військ,2023-06-20,2023-06-22,№991,2024-11-22,начальник штабу батальйону,№765,2023-10-10,начальник штабу батальйону,№824,військова служба за мобілізацією,,,на весь період мобілізації,4865281685,Паспорт громадянина України (книжечка),ЕИ,925462,1976-05-11,селище Золотоноша,2023-06-06,Шевченківський РТЦК та СП м. Києва,професійно-технічна,неодружений(а),має посвідчення водія категорії C,035 733 22 14
UNIT-0044,сержант,Вітрук,Леопольд,Теодорович,Вітрук Леопольд Теодорович,чоловіча,01-011,старшина роти,1-ша механізована рота,2025-04-20,121 окрема бригада ТрО,2022-06-27,2022-06-29,№689,2025-04-20,начальник штабу батальйону,№599,2023-11-26,командувач Сухопутних військ ЗСУ,№843,військова служба за контрактом,2022-06-21,2023-06-21,,9270653794,Паспорт громадянина України (книжечка),ГП,929622,1982-11-25,село Новоазовськ,2022-06-21,Соборний РТЦК та СП м. Дніпра,повна загальна середня,неодружений(а),,047 359-77-46
UNIT-0045,молодший сержант,Гаєвський,Макар,Йосипович,Гаєвський Макар Йосипович,чоловіча,03-017,старшина роти,3-тя механізована рота,2024-05-20,Навчальний центр «Десна»,2023-07-15,2023-07-15,№47,2024-05-25,командир батальйону,№312,2026-02-05,командувач Сухопутних військ ЗСУ,№119,військова служба за контрактом,2023-07-12,2028-07-12,,8141247826,Паспорт громадянина України (книжечка),ОГ,240758,1977-07-29,село Харків,2023-07-12,Шевченківський РТЦК та СП м. Києва,повна загальна середня,"дружина/чоловік — Орися, діти — 1",,+380 06 068-53-61
UNIT-0046,старший лейтенант,Сірко,Віталій,Адамович,Сірко Віталій Адамович,чоловіча,01-012,заступник командира батальйону,1-ша механізована рота,2025-02-03,121 окрема бригада ТрО,2024-11-19,2024-11-20,№34,2025-02-06,начальник штабу батальйону,№223,2026-05-19,командувач Сухопутних військ ЗСУ,№456,військова служба за контрактом,2024-11-10,2027-11-10,,1043289861,Паспорт громадянина України (ID-картка),,522047277,1970-12-14,село Зіньків,2024-11-10,Личаківський РТЦК та СП м. Львова,вища,неодружений(а),,036 97 11
UNIT-0047,капітан,Базилевський,Назар,Михайлович,Базилевський Назар Михайлович,чоловіча,03-018,начальник штабу батальйону,3-тя механізована рота,2024-05-06,новобранець (мобілізація),2022-04-16,2022-04-19,№679,2024-05-08,командир бригади,№658,2023-07-06,командир батальйону,№52,військова служба за мобілізацією,,,на весь період мобілізації,2185188888,Паспорт громадянина України (книжечка),ЯП,460953,1998-12-10,хутір Шепетівка,2022-04-16,Соборний РТЦК та СП м. Дніпра,повна загальна середня,неодружений(а),,+380 06 540 51 53
UNIT-0048,старший сержант,Влох,Святослав,Олесьович,Влох Святослав Олесьович,чоловіча,02-013,командир відділення,2-га механізована рота,2025-04-14,121 окрема бригада ТрО,2025-01-01,2025-01-02,№880,2025-04-15,командир бригади,№134,2025-01-26,начальник штабу батальйону,№818,військова служба за мобілізацією,,,на весь період мобілізації,2170430305,Паспорт громадянина України (книжечка),ФА,585277,1982-12-31,хутір Феодосія,2024-12-23,Личаківський РТЦК та СП м. Львова,повна загальна середня,"дружина/чоловік — Тереза, діти — 1",має посвідчення водія категорії C,+380 03 450-54-15
UNIT-0049,рядовий,Цісик,Феофан,Єлисейович,Цісик Феофан Єлисейович,чоловіча,03-019,навідник,3-тя механізована рота,2026-04-24,Навчальний центр Сухопутних військ,2025-11-25,2025-11-25,№797,2026-04-25,начальник штабу батальйону,№526,2026-04-01,командир батальйону,№463,військова служба за контрактом,2025-11-21,2030-11-21,,6169284511,Паспорт громадянина України (книжечка),ВР,277584,1976-03-20,селище Знам'янка,2025-11-21,Київський РТЦК та СП Полтавської області,повна загальна середня,"дружина/чоловік — Климент, діти — 3",,+380 (27) 570-59-64
UNIT-0050,капітан,Барабаш,Антон,Прохорович,Барабаш Антон Прохорович,чоловіча,01-013,командир взводу,1-ша механізована рота,2026-01-04,Навчальний центр Сухопутних військ,2025-08-16,2025-08-19,№76,2026-01-07,командир батальйону,№330,2026-02-24,командир бригади,№68,військова служба за контрактом,2025-08-09,2028-08-09,,5690927557,Паспорт громадянина України (ID-картка),,202970213,1995-07-11,село Новий Калинів,2025-08-09,Личаківський РТЦК та СП м. Львова,професійно-технічна,"дружина/чоловік — Зиновій, діти — 1",,+380 (54) 310-27-86
UNIT-0051,рядовий,Гайдамака,Геннадій,Тимофійович,Гайдамака Геннадій Тимофійович,чоловіча,00-003,снайпер,Управління батальйону,2026-04-14,запас (повторний призов),2024-05-21,2024-05-24,№899,2026-04-14,командир бригади,№441,2025-04-10,командувач Сухопутних військ ЗСУ,№910,військова служба за контрактом,2024-05-12,2025-05-12,,1551884422,Паспорт громадянина України (ID-картка),,947312172,2000-11-19,село Бучач,2024-05-12,Личаківський РТЦК та СП м. Львова,професійно-технічна,"дружина/чоловік — Еріка, діти — 3",,037 058 95 78
UNIT-0052,сержант,Гузь,Олег,Арсенович,Гузь Олег Арсенович,чоловіча,03-020,заступник командира взводу,3-тя механізована рота,2024-01-11,запас (повторний призов),2022-09-18,2022-09-21,№757,2024-01-11,начальник штабу батальйону,№832,2024-05-26,командир бригади,№570,військова служба за мобілізацією,,,на весь період мобілізації,5177852892,Паспорт громадянина України (книжечка),ОГ,786691,1979-02-15,хутір Моршин,2022-09-16,Шевченківський РТЦК та СП м. Києва,базова вища,дружина/чоловік — Анжела,,824 22 53
UNIT-0053,старший лейтенант,Рак,Ярослав,Миронович,Рак Ярослав Миронович,чоловіча,01-014,заступник командира батальйону,1-ша механізована рота,2026-05-26,Навчальний центр «Десна»,2024-08-07,2024-08-07,№673,2026-05-28,командувач Сухопутних військ ЗСУ,№230,2024-09-24,командир батальйону,№359,військова служба за контрактом,2024-07-25,2027-07-25,,8299229959,Паспорт громадянина України (книжечка),СЖ,438424,1976-12-14,місто Благовіщенське,2024-07-25,Київський РТЦК та СП Полтавської області,професійно-технічна,"дружина/чоловік — Алевтин, діти — 1",проходить строкову медичну комісію,+380 39 690-78-44
UNIT-0054,старший сержант,Юрчук,Лариса,Трохимівна,Юрчук Лариса Трохимівна,жіноча,03-021,старшина роти,3-тя механізована рота,2025-12-11,121 окрема бригада ТрО,2025-08-18,2025-08-18,№30,2025-12-15,командир бригади,№280,2026-01-31,начальник штабу батальйону,№944,базова військова служба,,,12 місяців,5556258815,Паспорт громадянина України (ID-картка),,102767735,1980-05-15,хутір Бучач,2025-08-08,Соборний РТЦК та СП м. Дніпра,професійно-технічна,неодружений(а),,+380 73 210-46-96
UNIT-0055,рядовий,Килимник,Трохим,Вадимович,Килимник Трохим Вадимович,чоловіча,02-014,стрілець,2-га механізована рота,2026-03-01,запас (повторний призов),2024-12-08,2024-12-09,№333,2026-03-04,командир батальйону,№905,2026-06-20,командир батальйону,№160,військова служба за мобілізацією,,,на весь період мобілізації,4701687339,Паспорт громадянина України (книжечка),МК,532787,2004-07-14,місто Берегове,2024-12-07,Личаківський РТЦК та СП м. Львова,вища,неодружений(а),,+380 79 748-01-62
UNIT-0056,старший солдат,Короленко,Пилип,Іванович,Короленко Пилип Іванович,чоловіча,02-015,оператор БПЛА,2-га механізована рота,2025-12-25,запас (повторний призов),2025-08-05,2025-08-07,№695,2025-12-26,командувач Сухопутних військ ЗСУ,№540,2025-08-16,начальник штабу батальйону,№47,військова служба за контрактом,2025-07-30,2026-07-30,,1687849912,Паспорт громадянина України (книжечка),ГК,609835,1990-03-27,хутір Кілія,2025-07-30,Личаківський РТЦК та СП м. Львова,професійно-технічна,"дружина/чоловік — Надія, діти — 1",володіє англійською мовою (розмовний рівень),+380 23 986-80-00
UNIT-0057,старший сержант,Ґерус,Пантелеймон,Дмитрович,Ґерус Пантелеймон Дмитрович,чоловіча,02-016,заступник командира взводу,2-га механізована рота,2026-06-19,переведення з іншої військової частини,2026-03-11,2026-03-11,№721,2026-06-19,командир бригади,№513,2026-06-02,начальник штабу батальйону,№74,військова служба за мобілізацією,,,на весь період мобілізації,2694958887,Паспорт громадянина України (книжечка),ДН,298259,1992-04-09,хутір Феодосія,2026-03-06,Приморський РТЦК та СП м. Одеси,вища,неодружений(а),,551-69-40
UNIT-0058,старшина,Штокало,Лілія,Павлівна,Штокало Лілія Павлівна,жіноча,02-017,старшина роти,2-га механізована рота,2024-04-25,Навчальний центр «Десна»,2024-02-06,2024-02-09,№821,2024-04-30,командувач Сухопутних військ ЗСУ,№852,2026-07-25,начальник штабу батальйону,№91,військова служба за контрактом,2024-01-31,2027-01-31,,0913075626,Паспорт громадянина України (книжечка),АЛ,728962,1987-01-28,хутір Монастирище,2024-01-31,Приморський РТЦК та СП м. Одеси,вища,неодружений(а),,+380 02 838 57 86
UNIT-0059,рядовий,Онищенко,Валерій,Леопольдович,Онищенко Валерій Леопольдович,чоловіча,03-022,сапер,3-тя механізована рота,2026-04-02,новобранець (мобілізація),2025-02-02,2025-02-04,№544,2026-04-03,командир бригади,№928,2025-10-24,начальник штабу батальйону,№360,військова служба за мобілізацією,,,на весь період мобілізації,3443757584,Паспорт громадянина України (книжечка),СХ,497334,1990-11-28,місто Остер,2025-01-22,Личаківський РТЦК та СП м. Львова,повна загальна середня,неодружений(а),,+380 (65) 240-41-57
UNIT-0060,старший сержант,Колісниченко,Роман,Макарович,Колісниченко Роман Макарович,чоловіча,02-018,старшина роти,2-га механізована рота,2024-10-29,переведення з іншої військової частини,2023-12-21,2023-12-22,№460,2024-11-03,начальник штабу батальйону,№885,2026-04-04,начальник штабу батальйону,№155,військова служба за мобілізацією,,,на весь період мобілізації,8330165712,Паспорт громадянина України (ID-картка),,484219933,1974-01-18,село Костянтинівка,2023-12-20,Приморський РТЦК та СП м. Одеси,повна загальна середня,"дружина/чоловік — Тереза, діти — 1",,+380 34 540 19 38
UNIT-0061,рядовий,Бабʼяк,Юстим,Валерійович,Бабʼяк Юстим Валерійович,чоловіча,03-023,оператор БПЛА,3-тя механізована рота,2025-11-28,переведення з іншої військової частини,2025-09-21,2025-09-21,№609,2025-11-28,командувач Сухопутних військ ЗСУ,№474,2025-09-28,командир батальйону,№461,військова служба за мобілізацією,,,на весь період мобілізації,9915478872,Паспорт громадянина України (книжечка),ХВ,672400,1990-11-25,селище Глиняни,2025-09-14,Київський РТЦК та СП Полтавської області,базова вища,дружина/чоловік — Вікторія,має досвід роботи з БПЛА,+380 27 420-54-93
UNIT-0062,старший сержант,Дзиндра,Олег,Павлович,Дзиндра Олег Павлович,чоловіча,03-024,заступник командира взводу,3-тя механізована рота,2026-07-04,переведення з іншої військової частини,2025-08-17,2025-08-17,№536,2026-07-08,командир бригади,№373,2026-01-19,начальник штабу батальйону,№940,військова служба за контрактом,2025-08-06,2026-08-06,,7530463745,Паспорт громадянина України (книжечка),ПП,851612,1980-02-29,місто Енергодар,2025-08-06,Соборний РТЦК та СП м. Дніпра,професійно-технічна,дружина/чоловік — Онисим,має посвідчення водія категорії C,+380 30 174-26-84
UNIT-0063,рядовий,Гайдамака,Олесь,Глібович,Гайдамака Олесь Глібович,чоловіча,01-015,кулеметник,1-ша механізована рота,2025-10-06,переведення з іншої військової частини,2025-04-18,2025-04-21,№895,2025-10-08,командир бригади,№342,2025-09-27,командир батальйону,№597,військова служба за мобілізацією,,,на весь період мобілізації,3918785191,Паспорт громадянина України (ID-картка),,272795687,1985-06-16,село Остер,2025-04-10,Личаківський РТЦК та СП м. Львова,вища,"дружина/чоловік — Максим, діти — 3",,025 871 39 71
UNIT-0064,лейтенант,Тихий,Климент,Хомович,Тихий Климент Хомович,чоловіча,03-025,начальник штабу батальйону,3-тя механізована рота,2024-07-27,запас (повторний призов),2022-08-23,2022-08-26,№702,2024-08-01,командир батальйону,№662,2023-03-07,командувач Сухопутних військ ЗСУ,№521,військова служба за контрактом,2022-08-15,2023-08-15,,4039106518,Паспорт громадянина України (ID-картка),,867908740,1997-07-16,місто Марганець,2022-08-15,Соборний РТЦК та СП м. Дніпра,повна загальна середня,"дружина/чоловік — Азар, діти — 1",володіє англійською мовою (розмовний рівень),+380 62 265-67-66
UNIT-0065,рядовий,Ватаманюк,Охрім,Пилипович,Ватаманюк Охрім Пилипович,чоловіча,03-026,навідник,3-тя механізована рота,2026-01-24,запас (повторний призов),2023-04-15,2023-04-15,№905,2026-01-26,командир батальйону,№678,2024-10-04,начальник штабу батальйону,№898,військова служба за контрактом,2023-04-13,2024-04-13,,0047868633,Паспорт громадянина України (книжечка),ТЯ,128682,1985-09-30,селище Вільнянськ,2023-04-13,Київський РТЦК та СП Полтавської області,повна загальна середня,"дружина/чоловік — Любов, діти — 3",має посвідчення водія категорії C,010 690-33-11
UNIT-0066,рядовий,Атаманчук,Климент,Опанасович,Атаманчук Климент Опанасович,чоловіча,03-027,оператор БПЛА,3-тя механізована рота,2023-08-09,переведення з іншої військової частини,2022-07-25,2022-07-28,№292,2023-08-11,командувач Сухопутних військ ЗСУ,№240,2025-09-17,командир бригади,№317,військова служба за контрактом,2022-07-25,2023-07-25,,3959953428,Паспорт громадянина України (ID-картка),,067383028,1990-04-12,хутір Зимогір'я,2022-07-25,Приморський РТЦК та СП м. Одеси,вища,неодружений(а),,+380 08 926-87-05
UNIT-0067,старший солдат,Скоробогатько,Сергій,Мирославович,Скоробогатько Сергій Мирославович,чоловіча,03-028,сапер,3-тя механізована рота,2026-05-16,Навчальний центр «Десна»,2024-11-22,2024-11-25,№821,2026-05-20,командир бригади,№894,2025-09-29,начальник штабу батальйону,№54,військова служба за мобілізацією,,,на весь період мобілізації,2708668826,Паспорт громадянина України (ID-картка),,624628733,1991-01-22,селище Горішні Плавні,2024-11-10,Приморський РТЦК та СП м. Одеси,вища,"дружина/чоловік — Мілена, діти — 2",проходить строкову медичну комісію,751 83 04
UNIT-0068,старший сержант,Скиба,Остап,Орестович,Скиба Остап Орестович,чоловіча,02-019,заступник командира взводу,2-га механізована рота,2026-03-21,Навчальний центр Сухопутних військ,2022-07-03,2022-07-04,№906,2026-03-24,начальник штабу батальйону,№953,2022-10-17,командир батальйону,№425,військова служба за мобілізацією,,,на весь період мобілізації,3173936385,Паспорт громадянина України (ID-картка),,398373540,1985-01-03,хутір Мала Виска,2022-06-26,Шевченківський РТЦК та СП м. Києва,професійно-технічна,дружина/чоловік — Пріска,,+380 45 877-17-53
UNIT-0069,лейтенант,Симоненко,Давид,Єфремович,Симоненко Давид Єфремович,чоловіча,01-016,начальник штабу батальйону,1-ша механізована рота,2024-12-17,Навчальний центр Сухопутних військ,2022-07-28,2022-07-29,№713,2024-12-18,командир бригади,№778,2026-03-19,командувач Сухопутних військ ЗСУ,№460,військова служба за мобілізацією,,,на весь період мобілізації,3536937854,Паспорт громадянина України (ID-картка),,320489964,1980-12-19,хутір Любомль,2022-07-16,Київський РТЦК та СП Полтавської області,повна загальна середня,неодружений(а),,052 287 28 08
UNIT-0070,старший солдат,Атаманчук,Тарас,Ярославович,Атаманчук Тарас Ярославович,чоловіча,03-029,снайпер,3-тя механізована рота,2026-04-10,запас (повторний призов),2022-10-18,2022-10-18,№813,2026-04-12,командувач Сухопутних військ ЗСУ,№65,2025-08-15,командир батальйону,№857,військова служба за мобілізацією,,,на весь період мобілізації,0387509977,Паспорт громадянина України (книжечка),ЗО,006231,1980-11-14,місто Новий Розділ,2022-10-12,Приморський РТЦК та СП м. Одеси,базова вища,неодружений(а),,+380 (00) 848-40-86
UNIT-0071,рядовий,Дурдинець,Орхип,Артемович,Дурдинець Орхип Артемович,чоловіча,01-017,санітар-інструктор,1-ша механізована рота,2024-06-09,новобранець (мобілізація),2023-06-01,2023-06-03,№537,2024-06-10,начальник штабу батальйону,№70,2024-03-25,командир батальйону,№400,військова служба за контрактом,2023-06-01,2024-06-01,,9334101666,Паспорт громадянина України (ID-картка),,984546156,2001-10-30,місто Пустомити,2023-06-01,Приморський РТЦК та СП м. Одеси,повна загальна середня,"дружина/чоловік — Аліна, діти — 3",,017 659 18 03
UNIT-0072,рядовий,Заруба,Хома,Русланович,Заруба Хома Русланович,чоловіча,02-020,кулеметник,2-га механізована рота,2026-05-15,Навчальний центр «Десна»,2026-03-24,2026-03-26,№851,2026-05-16,командувач Сухопутних військ ЗСУ,№713,2026-03-21,командувач Сухопутних військ ЗСУ,№647,військова служба за мобілізацією,,,на весь період мобілізації,0392614293,Паспорт громадянина України (книжечка),ЯХ,148902,1991-12-30,селище Козятин,2026-03-12,Личаківський РТЦК та СП м. Львова,вища,неодружений(а),має посвідчення водія категорії C,018 501 63 15
UNIT-0073,рядовий,Тесленко,Семен,Демʼянович,Тесленко Семен Демʼянович,чоловіча,03-030,стрілець,3-тя механізована рота,2025-02-17,переведення з іншої військової частини,2022-06-08,2022-06-09,№485,2025-02-17,начальник штабу батальйону,№38,2023-07-25,командир бригади,№293,військова служба за мобілізацією,,,на весь період мобілізації,2961943114,Паспорт громадянина України (книжечка),НЯ,773586,1999-12-25,хутір Сколе,2022-05-27,Соборний РТЦК та СП м. Дніпра,вища,неодружений(а),,065 511 04 75
UNIT-0074,старший сержант,Лазаренко,Орхип,Богуславович,Лазаренко Орхип Богуславович,чоловіча,03-031,заступник командира взводу,3-тя механізована рота,2023-09-23,121 окрема бригада ТрО,2022-12-06,2022-12-09,№998,2023-09-28,командир бригади,№509,2024-09-21,командувач Сухопутних військ ЗСУ,№377,військова служба за мобілізацією,,,на весь період мобілізації,9956046618,Паспорт громадянина України (ID-картка),,788861015,1976-12-05,село Світловодськ,2022-11-22,Київський РТЦК та СП Полтавської області,професійно-технічна,неодружений(а),,+380 (22) 444-72-12
UNIT-0075,підполковник,Цимбал,Герман,Йосипович,Цимбал Герман Йосипович,чоловіча,03-032,командир роти,3-тя механізована рота,2025-10-01,Навчальний центр Сухопутних військ,2024-09-20,2024-09-22,№618,2025-10-03,командувач Сухопутних військ ЗСУ,№171,2026-05-12,командувач Сухопутних військ ЗСУ,№360,військова служба за мобілізацією,,,на весь період мобілізації,7124065965,Паспорт громадянина України (книжечка),КК,154379,1983-11-26,селище Куп'янськ,2024-09-12,Приморський РТЦК та СП м. Одеси,повна загальна середня,"дружина/чоловік — Володимира, діти — 1",,+380 59 375-26-54
UNIT-0076,старший лейтенант,Яремків,Лариса,Данівна,Яремків Лариса Данівна,жіноча,00-004,командир взводу,Управління батальйону,2025-12-20,Навчальний центр «Десна»,2025-05-17,2025-05-20,№976,2025-12-22,командир батальйону,№147,2026-03-08,командувач Сухопутних військ ЗСУ,№36,військова служба за мобілізацією,,,на весь період мобілізації,3741672434,Паспорт громадянина України (ID-картка),,519398280,2002-01-03,хутір Трускавець,2025-05-07,Личаківський РТЦК та СП м. Львова,повна загальна середня,"дружина/чоловік — Сніжана, діти — 1",володіє англійською мовою (розмовний рівень),797 96 88
UNIT-0077,рядовий,Фесенко,Марко,Азарович,Фесенко Марко Азарович,чоловіча,02-021,оператор БПЛА,2-га механізована рота,2026-05-13,121 окрема бригада ТрО,2025-03-22,2025-03-24,№666,2026-05-16,начальник штабу батальйону,№256,2026-06-21,командир батальйону,№27,військова служба за контрактом,2025-03-17,2030-03-17,,9656101438,Паспорт громадянина України (книжечка),МН,113529,1973-08-11,хутір Кілія,2025-03-17,Личаківський РТЦК та СП м. Львова,професійно-технічна,"дружина/чоловік — Ігор, діти — 1",має посвідчення водія категорії C,+380 98 250 71 46
UNIT-0078,рядовий,Вдовенко,Богдан,Яковович,Вдовенко Богдан Яковович,чоловіча,01-018,сапер,1-ша механізована рота,2024-11-12,Навчальний центр Сухопутних військ,2023-05-21,2023-05-24,№177,2024-11-13,командувач Сухопутних військ ЗСУ,№90,2024-09-05,начальник штабу батальйону,№684,військова служба за мобілізацією,,,на весь період мобілізації,5140105123,Паспорт громадянина України (ID-картка),,573875717,2001-05-20,село Ірміно,2023-05-10,Соборний РТЦК та СП м. Дніпра,вища,"дружина/чоловік — Олена, діти — 1",проходить строкову медичну комісію,+380 36 226 60 93
UNIT-0079,лейтенант,Чміль,Михайло,Климентович,Чміль Михайло Климентович,чоловіча,03-033,командир роти,3-тя механізована рота,2025-07-01,Навчальний центр «Десна»,2025-06-28,2025-06-30,№243,2025-07-05,командувач Сухопутних військ ЗСУ,№27,2025-11-29,начальник штабу батальйону,№568,військова служба за мобілізацією,,,на весь період мобілізації,7147859696,Паспорт громадянина України (ID-картка),,341918255,1984-01-03,селище Кам'янка-Бузька,2025-06-16,Київський РТЦК та СП Полтавської області,професійно-технічна,"дружина/чоловік — Теодор, діти — 2",володіє англійською мовою (розмовний рівень),+380 92 499 12 51
UNIT-0080,рядовий,Каденюк,Данило,Богданович,Каденюк Данило Богданович,чоловіча,02-022,оператор БПЛА,2-га механізована рота,2025-04-24,новобранець (мобілізація),2023-09-23,2023-09-26,№461,2025-04-27,командувач Сухопутних військ ЗСУ,№697,2024-04-21,начальник штабу батальйону,№132,військова служба за контрактом,2023-09-15,2024-09-15,,6278282742,Паспорт громадянина України (книжечка),ЛХ,866929,1996-09-15,селище Хуст,2023-09-15,Київський РТЦК та СП Полтавської області,базова вища,неодружений(а),має досвід роботи з БПЛА,+380 90 507 23 68
UNIT-0081,лейтенант,Ґжицький,Онисим,Мартинович,Ґжицький Онисим Мартинович,чоловіча,03-034,командир взводу,3-тя механізована рота,2026-05-23,Навчальний центр «Десна»,2025-08-31,2025-08-31,№355,2026-05-27,начальник штабу батальйону,№867,2026-02-24,командир батальйону,№257,військова служба за мобілізацією,,,на весь період мобілізації,3404384279,Паспорт громадянина України (книжечка),ЛЧ,677219,1972-09-11,місто Остер,2025-08-18,Личаківський РТЦК та СП м. Львова,базова вища,"дружина/чоловік — Вікторія, діти — 1",,+380 85 807-83-61
UNIT-0082,молодший сержант,Кибкало,Гліб,Азарович,Кибкало Гліб Азарович,чоловіча,02-023,старшина роти,2-га механізована рота,2026-04-12,121 окрема бригада ТрО,2025-12-31,2026-01-01,№863,2026-04-13,командир батальйону,№846,2026-05-06,командир батальйону,№84,військова служба за контрактом,2025-12-22,2030-12-22,,9233095849,Паспорт громадянина України (ID-картка),,171339596,1981-11-21,селище Сімферополь,2025-12-22,Шевченківський РТЦК та СП м. Києва,вища,дружина/чоловік — Марина,має посвідчення водія категорії C,+380 94 812-60-42
UNIT-0083,молодший сержант,Гупало,Вʼячеслав,Борисович,Гупало Вʼячеслав Борисович,чоловіча,02-024,заступник командира взводу,2-га механізована рота,2025-06-14,запас (повторний призов),2024-12-04,2024-12-06,№416,2025-06-19,начальник штабу батальйону,№465,2026-07-04,командир батальйону,№706,базова військова служба,,,12 місяців,7116845775,Паспорт громадянина України (книжечка),ЮЮ,672946,1996-02-15,місто Сокиряни,2024-11-20,Шевченківський РТЦК та СП м. Києва,повна загальна середня,"дружина/чоловік — Роксолана, діти — 1",,+380 18 636-37-45
UNIT-0084,сержант,Макаренко,Демʼян,Несторович,Макаренко Демʼян Несторович,чоловіча,03-035,старшина роти,3-тя механізована рота,2025-09-13,121 окрема бригада ТрО,2023-04-18,2023-04-20,№248,2025-09-16,командувач Сухопутних військ ЗСУ,№126,2025-04-27,начальник штабу батальйону,№461,військова служба за мобілізацією,,,на весь період мобілізації,2770632424,Паспорт громадянина України (книжечка),ТГ,500170,1979-01-18,селище Дружківка,2023-04-05,Личаківський РТЦК та СП м. Львова,повна загальна середня,неодружений(а),володіє англійською мовою (розмовний рівень),520 64 36
UNIT-0085,старший солдат,Верменич,Панас,Артемович,Верменич Панас Артемович,чоловіча,02-025,навідник,2-га механізована рота,2024-01-04,Навчальний центр Сухопутних військ,2022-03-12,2022-03-14,№528,2024-01-08,командувач Сухопутних військ ЗСУ,№511,2026-03-19,начальник штабу батальйону,№510,військова служба за контрактом,2022-02-27,2023-02-27,,6271361115,Паспорт громадянина України (ID-картка),,129387005,1978-10-20,селище Верхівцеве,2022-02-27,Шевченківський РТЦК та СП м. Києва,повна загальна середня,дружина/чоловік — Сніжана,,021 890 92 75
UNIT-0086,рядовий,Засуха,Олександр,Степанович,Засуха Олександр Степанович,чоловіча,03-036,оператор БПЛА,3-тя механізована рота,2025-03-18,Навчальний центр Сухопутних військ,2023-06-18,2023-06-21,№138,2025-03-20,начальник штабу батальйону,№745,2026-01-21,начальник штабу батальйону,№783,військова служба за мобілізацією,,,на весь період мобілізації,5234138999,Паспорт громадянина України (ID-картка),,731121965,1999-10-25,місто Черкаси,2023-06-09,Приморський РТЦК та СП м. Одеси,професійно-технічна,дружина/чоловік — Теодор,,+380 38 983-64-03
UNIT-0087,рядовий,Яценко,Ігнат,Богданович,Яценко Ігнат Богданович,чоловіча,01-019,оператор БПЛА,1-ша механізована рота,2026-05-11,121 окрема бригада ТрО,2024-03-26,2024-03-28,№814,2026-05-15,начальник штабу батальйону,№572,2024-07-02,начальник штабу батальйону,№774,військова служба за контрактом,2024-03-14,2025-03-14,,5827109104,Паспорт громадянина України (книжечка),ГН,805526,1999-03-27,місто Берестечко,2024-03-14,Личаківський РТЦК та СП м. Львова,повна загальна середня,дружина/чоловік — Симон,,+380 (84) 866-61-88
UNIT-0088,старший сержант,Дашенко,Герман,Аркадійович,Дашенко Герман Аркадійович,чоловіча,04-004,старшина роти,Взвод забезпечення,2024-12-20,Навчальний центр «Десна»,2024-10-20,2024-10-21,№403,2024-12-24,начальник штабу батальйону,№608,2025-11-14,начальник штабу батальйону,№520,військова служба за контрактом,2024-10-13,2025-10-13,,4630316179,Паспорт громадянина України (книжечка),ФЛ,328569,1975-02-04,селище Роздільна,2024-10-13,Київський РТЦК та СП Полтавської області,професійно-технічна,дружина/чоловік — Єва,,020 27 58
UNIT-0089,капітан,Конопленко,Валентин,Ігнатович,Конопленко Валентин Ігнатович,чоловіча,04-005,командир батальйону,Взвод забезпечення,2026-06-05,переведення з іншої військової частини,2023-03-29,2023-03-29,№592,2026-06-09,командир бригади,№739,2026-07-20,командир батальйону,№598,військова служба за мобілізацією,,,на весь період мобілізації,7785079252,Паспорт громадянина України (ID-картка),,410564814,1975-11-03,місто Ялта,2023-03-25,Приморський РТЦК та СП м. Одеси,повна загальна середня,"дружина/чоловік — Мирон, діти — 1",,380 00 30
UNIT-0090,рядовий,Шовкопляс,Зиновій,Едуардович,Шовкопляс Зиновій Едуардович,чоловіча,01-020,кулеметник,1-ша механізована рота,2024-03-12,Навчальний центр Сухопутних військ,2023-06-08,2023-06-08,№514,2024-03-15,командувач Сухопутних військ ЗСУ,№894,2023-07-29,командир батальйону,№723,військова служба за мобілізацією,,,на весь період мобілізації,4195180238,Паспорт громадянина України (книжечка),ЧЖ,863536,1992-05-14,хутір Білгород-Дністровський,2023-06-05,Личаківський РТЦК та СП м. Львова,професійно-технічна,"дружина/чоловік — Федір, діти — 1",,+380 44 518 70 53
UNIT-0091,рядовий,Матяш,Миколай,Трохимович,Матяш Миколай Трохимович,чоловіча,02-026,снайпер,2-га механізована рота,2026-04-27,запас (повторний призов),2024-09-30,2024-10-02,№271,2026-05-02,командувач Сухопутних військ ЗСУ,№197,2026-01-21,командир бригади,№286,військова служба за контрактом,2024-09-25,2029-09-25,,6038505064,Паспорт громадянина України (ID-картка),,375973832,1971-01-11,село Новий Калинів,2024-09-25,Київський РТЦК та СП Полтавської області,професійно-технічна,"дружина/чоловік — Володимир, діти — 1",має посвідчення водія категорії C,+380 (70) 241-03-86
UNIT-0092,старший солдат,Сич,Костянтин,Степанович,Сич Костянтин Степанович,чоловіча,03-037,оператор БПЛА,3-тя механізована рота,2025-05-09,Навчальний центр Сухопутних військ,2022-11-19,2022-11-21,№918,2025-05-11,командувач Сухопутних військ ЗСУ,№839,2023-04-11,начальник штабу батальйону,№978,військова служба за мобілізацією,,,на весь період мобілізації,4456557431,Паспорт громадянина України (ID-картка),,826199062,1986-09-15,село Тисмениця,2022-11-14,Личаківський РТЦК та СП м. Львова,професійно-технічна,неодружений(а),має посвідчення водія категорії C,212 77 56
UNIT-0093,старший солдат,Годунок,Максим,Зорянович,Годунок Максим Зорянович,чоловіча,03-038,сапер,3-тя механізована рота,2025-11-13,121 окрема бригада ТрО,2023-12-12,2023-12-15,№141,2025-11-14,командир батальйону,№631,2025-03-23,командир бригади,№249,військова служба за мобілізацією,,,на весь період мобілізації,3521356804,Паспорт громадянина України (книжечка),ТЧ,741124,1973-05-04,село Баранівка,2023-12-01,Шевченківський РТЦК та СП м. Києва,базова вища,дружина/чоловік — Ілля,,+380 88 317 12 10
UNIT-0094,старший солдат,Батіг,Стефан,Тимофійович,Батіг Стефан Тимофійович,чоловіча,01-021,навідник,1-ша механізована рота,2024-08-05,121 окрема бригада ТрО,2024-01-15,2024-01-16,№329,2024-08-08,начальник штабу батальйону,№662,2024-11-17,командир батальйону,№930,військова служба за контрактом,2024-01-15,2027-01-15,,0137215107,Паспорт громадянина України (книжечка),ЖЩ,651994,1975-09-12,село Остер,2024-01-15,Шевченківський РТЦК та СП м. Києва,базова вища,неодружений(а),має посвідчення водія категорії C,+380 (67) 066-25-32
UNIT-0095,рядовий,Литвин,Герман,Леонтійович,Литвин Герман Леонтійович,чоловіча,01-022,навідник,1-ша механізована рота,2023-07-29,запас (повторний призов),2023-06-06,2023-06-07,№986,2023-07-29,начальник штабу батальйону,№898,2026-01-08,командир батальйону,№10,базова військова служба,,,12 місяців,0146263838,Паспорт громадянина України (книжечка),РЕ,993476,2003-03-12,хутір Тлумач,2023-05-31,Соборний РТЦК та СП м. Дніпра,базова вища,неодружений(а),має досвід роботи з БПЛА,+380 78 759-85-64
UNIT-0096,майор,Дутка,Адам,Демидович,Дутка Адам Демидович,чоловіча,02-027,командир батальйону,2-га механізована рота,2024-02-27,121 окрема бригада ТрО,2024-01-13,2024-01-16,№167,2024-02-28,командувач Сухопутних військ ЗСУ,№664,2025-03-16,начальник штабу батальйону,№736,військова служба за контрактом,2024-01-05,2027-01-05,,1334803965,Паспорт громадянина України (книжечка),ЮГ,078593,1981-06-16,село Довжанськ,2024-01-05,Личаківський РТЦК та СП м. Львова,повна загальна середня,"дружина/чоловік — Маруся, діти — 3",має посвідчення водія категорії C,+380 90 599-29-37
UNIT-0097,старшина,Оберемко,Валерій,Максимович,Оберемко Валерій Максимович,чоловіча,01-023,заступник командира взводу,1-ша механізована рота,2022-11-21,Навчальний центр «Десна»,2022-07-04,2022-07-07,№489,2022-11-25,начальник штабу батальйону,№959,2022-09-16,командир бригади,№7,військова служба за мобілізацією,,,на весь період мобілізації,5932525002,Паспорт громадянина України (книжечка),ГЕ,393087,1970-08-22,місто Шептицький,2022-06-21,Соборний РТЦК та СП м. Дніпра,професійно-технічна,"дружина/чоловік — Розалія, діти — 1",,569 15 45
UNIT-0098,рядовий,Ґерета,Вадим,Соломонович,Ґерета Вадим Соломонович,чоловіча,03-039,зв'язківець,3-тя механізована рота,2026-07-29,переведення з іншої військової частини,2025-11-23,2025-11-24,№946,2026-07-29,начальник штабу батальйону,№707,2026-05-20,командир батальйону,№655,військова служба за контрактом,2025-11-12,2028-11-12,,6442209690,Паспорт громадянина України (книжечка),НЦ,528953,1982-07-12,селище Устилуг,2025-11-12,Соборний РТЦК та СП м. Дніпра,професійно-технічна,неодружений(а),має досвід роботи з БПЛА,091 725-13-55
UNIT-0099,старший солдат,Джус,Олесь,Арсенович,Джус Олесь Арсенович,чоловіча,01-024,зв'язківець,1-ша механізована рота,2025-12-20,запас (повторний призов),2025-01-08,2025-01-11,№773,2025-12-24,командир батальйону,№539,2025-01-10,командувач Сухопутних військ ЗСУ,№541,військова служба за контрактом,2025-01-02,2026-01-02,,7626765861,Паспорт громадянина України (ID-картка),,433154100,1996-11-09,село Вознесенськ,2025-01-02,Соборний РТЦК та СП м. Дніпра,повна загальна середня,"дружина/чоловік — Орися, діти — 2",володіє англійською мовою (розмовний рівень),040 54 11
UNIT-0100,старший солдат,Проценко,Валентин,Ігорович,Проценко Валентин Ігорович,чоловіча,02-028,навідник,2-га механізована рота,2023-11-06,новобранець (мобілізація),2023-07-13,2023-07-16,№921,2023-11-06,командувач Сухопутних військ ЗСУ,№829,2025-11-03,командир батальйону,№465,військова служба за контрактом,2023-07-08,2028-07-08,,2015336884,Паспорт громадянина України (ID-картка),,159970629,2000-02-22,селище Довжанськ,2023-07-08,Личаківський РТЦК та СП м. Львова,професійно-технічна,"дружина/чоловік — Варвара, діти — 1",,698-72-05
UNIT-0101,рядовий,Аверченко,Єлисей,Арсенович,Аверченко Єлисей Арсенович,чоловіча,01-025,сапер,1-ша механізована рота,2026-06-10,запас (повторний призов),2024-09-09,2024-09-09,№66,2026-06-15,командир батальйону,№958,2026-01-23,командир батальйону,№957,військова служба за мобілізацією,,,на весь період мобілізації,4171467741,Паспорт громадянина України (книжечка),ОМ,973103,1982-03-22,село Кипуче,2024-08-27,Приморський РТЦК та СП м. Одеси,повна загальна середня,"дружина/чоловік — Феофан, діти — 3",має досвід роботи з БПЛА,+380 (52) 704-77-43
UNIT-0102,старший солдат,Лагода,Миколай,Амвросійович,Лагода Миколай Амвросійович,чоловіча,03-040,санітар-інструктор,3-тя механізована рота,2026-05-31,переведення з іншої військової частини,2023-06-15,2023-06-18,№137,2026-06-03,начальник штабу батальйону,№122,2026-04-09,командир бригади,№551,військова служба за мобілізацією,,,на весь період мобілізації,8687937416,Паспорт громадянина України (ID-картка),,115869380,1996-12-08,село Буча,2023-06-08,Приморський РТЦК та СП м. Одеси,професійно-технічна,дружина/чоловік — Орися,має посвідчення водія категорії C,023 320 61 63
UNIT-0103,старший солдат,Данько,Лілія,Давидівна,Данько Лілія Давидівна,жіноча,03-041,снайпер,3-тя механізована рота,2023-02-08,запас (повторний призов),2022-09-26,2022-09-29,№784,2023-02-09,командир батальйону,№33,2024-05-14,командувач Сухопутних військ ЗСУ,№630,військова служба за мобілізацією,,,на весь період мобілізації,0998616229,Паспорт громадянина України (книжечка),ИЖ,868548,2001-10-09,місто Олевськ,2022-09-20,Шевченківський РТЦК та СП м. Києва,повна загальна середня,неодружений(а),,485 64 67
UNIT-0104,сержант,Штепа,Азар,Валерійович,Штепа Азар Валерійович,чоловіча,03-042,командир відділення,3-тя механізована рота,2025-05-09,новобранець (мобілізація),2024-07-01,2024-07-01,№144,2025-05-12,начальник штабу батальйону,№240,2024-10-17,начальник штабу батальйону,№592,військова служба за мобілізацією,,,на весь період мобілізації,0745054447,Паспорт громадянина України (книжечка),ЩЩ,996065,1986-10-06,село Вашківці,2024-06-28,Київський РТЦК та СП Полтавської області,вища,дружина/чоловік — Марта,має досвід роботи з БПЛА,+380 54 691 37 36
UNIT-0105,старший солдат,Ющенко,Руслан,Миронович,Ющенко Руслан Миронович,чоловіча,01-026,сапер,1-ша механізована рота,2025-06-12,запас (повторний призов),2025-04-30,2025-05-01,№391,2025-06-17,начальник штабу батальйону,№714,2026-06-04,командувач Сухопутних військ ЗСУ,№419,військова служба за контрактом,2025-04-30,2030-04-30,,9023303070,Паспорт громадянина України (книжечка),МХ,214862,2006-04-10,село Жмеринка,2025-04-30,Личаківський РТЦК та СП м. Львова,професійно-технічна,неодружений(а),,+380 78 610-35-79
UNIT-0106,рядовий,Червоненко,Валерій,Кирилович,Червоненко Валерій Кирилович,чоловіча,02-029,навідник,2-га механізована рота,2025-11-20,Навчальний центр «Десна»,2025-02-26,2025-03-01,№398,2025-11-20,командир бригади,№262,2025-06-21,командир бригади,№339,військова служба за контрактом,2025-02-14,2028-02-14,,3346800722,Паспорт громадянина України (ID-картка),,414060293,1985-08-28,село Дубляни,2025-02-14,Шевченківський РТЦК та СП м. Києва,вища,"дружина/чоловік — Марʼяна, діти — 3",проходить строкову медичну комісію,+380 66 574-37-48
UNIT-0107,рядовий,Тесленко,Мирослав,Орхипович,Тесленко Мирослав Орхипович,чоловіча,01-027,стрілець,1-ша механізована рота,2025-06-05,переведення з іншої військової частини,2022-03-31,2022-03-31,№223,2025-06-06,командувач Сухопутних військ ЗСУ,№214,2024-08-12,начальник штабу батальйону,№311,військова служба за контрактом,2022-03-18,2027-03-18,,3283096520,Паспорт громадянина України (ID-картка),,417154544,1990-12-05,селище Дунаївці,2022-03-18,Шевченківський РТЦК та СП м. Києва,повна загальна середня,неодружений(а),має посвідчення водія категорії C,+380 (66) 099-35-38
UNIT-0108,старший сержант,Шухевич,Юстим,Прохорович,Шухевич Юстим Прохорович,чоловіча,01-028,командир відділення,1-ша механізована рота,2026-04-22,121 окрема бригада ТрО,2025-03-24,2025-03-25,№390,2026-04-25,командувач Сухопутних військ ЗСУ,№547,2025-11-01,начальник штабу батальйону,№316,базова військова служба,,,12 місяців,5135346554,Паспорт громадянина України (ID-картка),,282417248,1983-01-20,хутір Чернівці,2025-03-13,Соборний РТЦК та СП м. Дніпра,професійно-технічна,"дружина/чоловік — Віолетта, діти — 3",,+380 09 991 73 81
UNIT-0109,лейтенант,Скоробогатько,Макар,Данилович,Скоробогатько Макар Данилович,чоловіча,01-029,начальник штабу батальйону,1-ша механізована рота,2025-09-24,новобранець (мобілізація),2025-09-04,2025-09-07,№268,2025-09-24,командувач Сухопутних військ ЗСУ,№303,2026-07-27,командир бригади,№201,військова служба за контрактом,2025-08-30,2026-08-30,,1752500743,Паспорт громадянина України (ID-картка),,223569725,1982-11-13,село Миронівка,2025-08-30,Соборний РТЦК та СП м. Дніпра,повна загальна середня,"дружина/чоловік — Валентина, діти — 2",,096 666 76 00
UNIT-0110,рядовий,Жук,Пилип,Ігнатович,Жук Пилип Ігнатович,чоловіча,01-030,оператор БПЛА,1-ша механізована рота,2025-01-14,Навчальний центр «Десна»,2022-04-19,2022-04-22,№144,2025-01-17,командувач Сухопутних військ ЗСУ,№189,2023-11-21,командир батальйону,№537,військова служба за мобілізацією,,,на весь період мобілізації,9421044789,Паспорт громадянина України (ID-картка),,003354216,2004-11-05,хутір Южноукраїнськ,2022-04-08,Шевченківський РТЦК та СП м. Києва,вища,неодружений(а),проходить строкову медичну комісію,057 532 60 33
UNIT-0111,рядовий,Гунько,Віктор,Соломонович,Гунько Віктор Соломонович,чоловіча,01-031,навідник,1-ша механізована рота,2024-11-17,новобранець (мобілізація),2022-05-16,2022-05-17,№633,2024-11-17,командувач Сухопутних військ ЗСУ,№676,2024-06-24,командувач Сухопутних військ ЗСУ,№17,військова служба за контрактом,2022-05-03,2023-05-03,,9010016761,Паспорт громадянина України (книжечка),ПМ,215064,1973-11-25,хутір Сіверськ,2022-05-03,Шевченківський РТЦК та СП м. Києва,професійно-технічна,"дружина/чоловік — Данна, діти — 3",,004 618-49-92
UNIT-0112,рядовий,Фесенко,Василина,Максимівна,Фесенко Василина Максимівна,жіноча,02-030,санітар-інструктор,2-га механізована рота,2024-05-20,переведення з іншої військової частини,2023-03-08,2023-03-09,№540,2024-05-20,начальник штабу батальйону,№835,2023-08-20,начальник штабу батальйону,№274,базова військова служба,,,12 місяців,3564208737,Паспорт громадянина України (книжечка),ЗЖ,173934,2006-03-12,село Алмазна,2023-02-24,Приморський РТЦК та СП м. Одеси,повна загальна середня,дружина/чоловік — Аліна,має досвід роботи з БПЛА,197 21 81
UNIT-0113,сержант,Вітрук,Хома,Гаврилович,Вітрук Хома Гаврилович,чоловіча,03-043,командир відділення,3-тя механізована рота,2026-01-31,запас (повторний призов),2024-02-22,2024-02-22,№10,2026-01-31,командир бригади,№85,2025-05-16,командувач Сухопутних військ ЗСУ,№866,військова служба за мобілізацією,,,на весь період мобілізації,5561100225,Паспорт громадянина України (книжечка),РБ,470120,1990-05-15,хутір Полтава,2024-02-12,Приморський РТЦК та СП м. Одеси,базова вища,дружина/чоловік — Георгій,володіє англійською мовою (розмовний рівень),552 16 67
UNIT-0114,рядовий,Лемешко,Соломія,Романівна,Лемешко Соломія Романівна,жіноча,02-031,оператор БПЛА,2-га механізована рота,2026-06-13,переведення з іншої військової частини,2026-03-24,2026-03-24,№674,2026-06-13,командир батальйону,№184,2026-07-23,начальник штабу батальйону,№17,військова служба за контрактом,2026-03-20,2029-03-20,,2965902771,Паспорт громадянина України (ID-картка),,212021697,2000-05-30,хутір Бердичів,2026-03-20,Личаківський РТЦК та СП м. Львова,базова вища,"дружина/чоловік — Андрій, діти — 1",володіє англійською мовою (розмовний рівень),+380 50 899-35-88
UNIT-0115,молодший сержант,Верховинець,Єфрем,Пилипович,Верховинець Єфрем Пилипович,чоловіча,02-032,старшина роти,2-га механізована рота,2026-05-07,запас (повторний призов),2024-04-19,2024-04-22,№742,2026-05-12,командир батальйону,№513,2025-09-25,начальник штабу батальйону,№55,військова служба за контрактом,2024-04-06,2027-04-06,,8772175354,Паспорт громадянина України (книжечка),ШД,628900,1981-04-10,село Новоселиця,2024-04-06,Шевченківський РТЦК та СП м. Києва,професійно-технічна,"дружина/чоловік — Сніжана, діти — 2",має досвід роботи з БПЛА,+380 (31) 779-71-77
UNIT-0116,старший сержант,Онуфрієнко,Богодар,Мартинович,Онуфрієнко Богодар Мартинович,чоловіча,03-044,командир відділення,3-тя механізована рота,2023-03-14,Навчальний центр «Десна»,2022-04-30,2022-05-02,№697,2023-03-17,командувач Сухопутних військ ЗСУ,№88,2025-09-24,начальник штабу батальйону,№818,військова служба за мобілізацією,,,на весь період мобілізації,8837550375,Паспорт громадянина України (книжечка),НО,608801,1991-04-28,селище Славутич,2022-04-20,Личаківський РТЦК та СП м. Львова,вища,неодружений(а),,+380 11 305 54 88
UNIT-0117,молодший сержант,Сімашкевич,Павло,Орхипович,Сімашкевич Павло Орхипович,чоловіча,03-045,старшина роти,3-тя механізована рота,2026-05-15,121 окрема бригада ТрО,2022-07-22,2022-07-24,№780,2026-05-17,начальник штабу батальйону,№105,2023-03-28,командир бригади,№90,військова служба за мобілізацією,,,на весь період мобілізації,3163735160,Паспорт громадянина України (книжечка),КП,726149,1983-12-05,хутір Львів,2022-07-16,Личаківський РТЦК та СП м. Львова,професійно-технічна,дружина/чоловік — Опанас,,070 808 69 78
UNIT-0118,рядовий,Доценко,Петро,Олесьович,Доценко Петро Олесьович,чоловіча,01-032,зв'язківець,1-ша механізована рота,2024-03-16,переведення з іншої військової частини,2023-08-30,2023-09-02,№927,2024-03-16,командир бригади,№586,2024-01-24,командир бригади,№702,військова служба за мобілізацією,,,на весь період мобілізації,9346547226,Паспорт громадянина України (книжечка),ВШ,699586,1999-01-31,селище Сколе,2023-08-17,Приморський РТЦК та СП м. Одеси,повна загальна середня,неодружений(а),,033 945-22-88
UNIT-0119,рядовий,Пʼятаченко,Панас,Богданович,Пʼятаченко Панас Богданович,чоловіча,03-046,сапер,3-тя механізована рота,2026-05-10,запас (повторний призов),2025-02-28,2025-03-02,№508,2026-05-13,командир бригади,№469,2026-03-02,командир батальйону,№139,військова служба за контрактом,2025-02-22,2028-02-22,,8106200342,Паспорт громадянина України (книжечка),ЗШ,996846,1971-06-19,селище Винники,2025-02-22,Соборний РТЦК та СП м. Дніпра,повна загальна середня,"дружина/чоловік — Тарас, діти — 1",проходить строкову медичну комісію,438-05-71
UNIT-0120,рядовий,Іваничук,Роман,Панасович,Іваничук Роман Панасович,чоловіча,03-047,навідник,3-тя механізована рота,2025-12-21,Навчальний центр Сухопутних військ,2025-06-20,2025-06-22,№992,2025-12-25,начальник штабу батальйону,№299,2026-07-17,командувач Сухопутних військ ЗСУ,№991,базова військова служба,,,12 місяців,0439735989,Паспорт громадянина України (книжечка),ЛЕ,406665,1974-04-04,село Звенигородка,2025-06-16,Київський РТЦК та СП Полтавської області,вища,"дружина/чоловік — Орися, діти — 1",,012 281 60 64
UNIT-0121,рядовий,Короленко,Віра,Вадимівна,Короленко Віра Вадимівна,жіноча,02-033,снайпер,2-га механізована рота,2024-05-06,Навчальний центр Сухопутних військ,2024-04-28,2024-04-28,№817,2024-05-11,начальник штабу батальйону,№852,2025-09-21,командир батальйону,№839,військова служба за мобілізацією,,,на весь період мобілізації,9851583281,Паспорт громадянина України (ID-картка),,720259094,2003-12-23,хутір Новодружеськ,2024-04-26,Приморський РТЦК та СП м. Одеси,базова вища,неодружений(а),,+380 (15) 335-55-43
UNIT-0122,рядовий,Шутько,Микита,Юхимович,Шутько Микита Юхимович,чоловіча,00-005,санітар-інструктор,Управління батальйону,2023-03-26,переведення з іншої військової частини,2022-04-04,2022-04-07,№411,2023-03-26,командувач Сухопутних військ ЗСУ,№557,2025-03-02,командир батальйону,№810,військова служба за мобілізацією,,,на весь період мобілізації,4840858877,Паспорт громадянина України (ID-картка),,739930561,1996-11-07,селище Яремче,2022-03-23,Соборний РТЦК та СП м. Дніпра,вища,дружина/чоловік — Онисим,,058 112-88-01
UNIT-0123,сержант,Запорожець,Орест,Петрович,Запорожець Орест Петрович,чоловіча,02-034,командир відділення,2-га механізована рота,2025-10-16,Навчальний центр Сухопутних військ,2023-12-28,2023-12-28,№991,2025-10-20,начальник штабу батальйону,№989,2024-05-27,командувач Сухопутних військ ЗСУ,№109,базова військова служба,,,12 місяців,1024819346,Паспорт громадянина України (ID-картка),,386120750,1976-07-20,хутір Привілля,2023-12-18,Шевченківський РТЦК та СП м. Києва,повна загальна середня,неодружений(а),має посвідчення водія категорії C,+380 (65) 061-80-91
UNIT-0124,сержант,Бабко,Павло,Ярославович,Бабко Павло Ярославович,чоловіча,01-033,командир відділення,1-ша механізована рота,2024-04-21,запас (повторний призов),2022-10-14,2022-10-16,№513,2024-04-24,командир бригади,№354,2024-11-26,командир батальйону,№495,військова служба за мобілізацією,,,на весь період мобілізації,7283268424,Паспорт громадянина України (ID-картка),,144914766,1972-09-10,місто Новояворівськ,2022-10-07,Шевченківський РТЦК та СП м. Києва,професійно-технічна,"дружина/чоловік — Галина, діти — 3",,009 96 88
UNIT-0125,старший солдат,Вдовенко,Данило,Веніяминович,Вдовенко Данило Веніяминович,чоловіча,03-048,водій,3-тя механізована рота,2025-07-18,121 окрема бригада ТрО,2025-02-04,2025-02-07,№69,2025-07-20,начальник штабу батальйону,№46,2025-12-13,командир батальйону,№24,військова служба за мобілізацією,,,на весь період мобілізації,3129087814,Паспорт громадянина України (книжечка),ЧП,822239,1987-10-17,селище Борислав,2025-01-27,Соборний РТЦК та СП м. Дніпра,базова вища,"дружина/чоловік — Еріка, діти — 3",,+380 55 231 49 13
UNIT-0126,рядовий,Орлик,Леонід,Леонтійович,Орлик Леонід Леонтійович,чоловіча,01-034,снайпер,1-ша механізована рота,2026-04-08,Навчальний центр Сухопутних військ,2024-12-16,2024-12-19,№406,2026-04-09,командир батальйону,№756,2026-05-06,командир бригади,№461,військова служба за контрактом,2024-12-10,2029-12-10,,6205336452,Паспорт громадянина України (книжечка),ХЦ,492995,1992-02-14,хутір Люботин,2024-12-10,Київський РТЦК та СП Полтавської області,професійно-технічна,неодружений(а),,+380 54 781 29 14
UNIT-0127,сержант,Давимука,Франц,Михайлович,Давимука Франц Михайлович,чоловіча,00-006,командир відділення,Управління батальйону,2024-12-17,121 окрема бригада ТрО,2023-11-05,2023-11-05,№687,2024-12-21,командувач Сухопутних військ ЗСУ,№541,2026-06-26,начальник штабу батальйону,№612,військова служба за мобілізацією,,,на весь період мобілізації,9308488725,Паспорт громадянина України (книжечка),ПГ,110809,1998-03-01,село Яготин,2023-10-27,Приморський РТЦК та СП м. Одеси,базова вища,"дружина/чоловік — Марина, діти — 1",,078 816 58 03
UNIT-0128,сержант,Деркач,Ростислав,Миколайович,Деркач Ростислав Миколайович,чоловіча,01-035,заступник командира взводу,1-ша механізована рота,2025-04-12,Навчальний центр «Десна»,2023-05-20,2023-05-20,№383,2025-04-17,командир бригади,№524,2024-01-08,командувач Сухопутних військ ЗСУ,№429,військова служба за мобілізацією,,,на весь період мобілізації,3731453038,Паспорт громадянина України (книжечка),КГ,299275,1973-05-06,хутір Мар'їнка,2023-05-06,Київський РТЦК та СП Полтавської області,повна загальна середня,"дружина/чоловік — Роксолана, діти — 3",,051-84-49
UNIT-0129,лейтенант,Дубина,Сніжана,Павлівна,Дубина Сніжана Павлівна,жіноча,01-036,командир роти,1-ша механізована рота,2026-03-02,переведення з іншої військової частини,2025-05-23,2025-05-24,№55,2026-03-05,начальник штабу батальйону,№975,2025-07-14,командир батальйону,№497,військова служба за мобілізацією,,,на весь період мобілізації,5779082723,Паспорт громадянина України (книжечка),ЯП,846386,1994-08-11,селище Городня,2025-05-15,Личаківський РТЦК та СП м. Львова,повна загальна середня,"дружина/чоловік — Борислав, діти — 3",,025 913 65 17
UNIT-0130,старший солдат,Щириця,Леон,Веніяминович,Щириця Леон Веніяминович,чоловіча,02-035,оператор БПЛА,2-га механізована рота,2026-04-16,переведення з іншої військової частини,2023-07-16,2023-07-17,№296,2026-04-16,командир бригади,№800,2025-04-07,командувач Сухопутних військ ЗСУ,№580,військова служба за контрактом,2023-07-09,2024-07-09,,2809202428,Паспорт громадянина України (книжечка),ИЗ,030299,1981-07-23,місто Шпола,2023-07-09,Приморський РТЦК та СП м. Одеси,професійно-технічна,неодружений(а),,+380 13 797-72-36
UNIT-0131,старший сержант,Данильчук,Симон,Олесьович,Данильчук Симон Олесьович,чоловіча,03-049,заступник командира взводу,3-тя механізована рота,2026-05-15,запас (повторний призов),2023-09-20,2023-09-20,№850,2026-05-20,командир бригади,№305,2026-07-02,командир батальйону,№461,військова служба за мобілізацією,,,на весь період мобілізації,3662103886,Паспорт громадянина України (книжечка),ОГ,842579,1975-04-13,місто Гадяч,2023-09-12,Соборний РТЦК та СП м. Дніпра,професійно-технічна,дружина/чоловік — Тереза,має посвідчення водія категорії C,881-17-29
UNIT-0132,старший сержант,Абрамчук,Франц,Тимофійович,Абрамчук Франц Тимофійович,чоловіча,00-007,старшина роти,Управління батальйону,2026-05-27,Навчальний центр «Десна»,2025-11-06,2025-11-08,№834,2026-06-01,командир бригади,№825,2026-04-07,командир батальйону,№584,військова служба за контрактом,2025-10-26,2028-10-26,,5991624731,Паспорт громадянина України (книжечка),ДЮ,508637,1996-07-15,хутір Дубровиця,2025-10-26,Соборний РТЦК та СП м. Дніпра,професійно-технічна,"дружина/чоловік — Емілія, діти — 3",,098-18-06
UNIT-0133,старший лейтенант,Забіла,Петро,Федорович,Забіла Петро Федорович,чоловіча,04-006,командир батальйону,Взвод забезпечення,2025-09-28,новобранець (мобілізація),2024-11-15,2024-11-15,№284,2025-09-29,командир бригади,№719,2025-08-09,командир бригади,№256,базова військова служба,,,12 місяців,9463688725,Паспорт громадянина України (ID-картка),,126944869,1995-06-24,селище Золоте,2024-11-01,Личаківський РТЦК та СП м. Львова,вища,"дружина/чоловік — Мирон, діти — 3",,+380 62 137-21-38
UNIT-0134,молодший сержант,Титаренко,Сергій,Захарович,Титаренко Сергій Захарович,чоловіча,01-037,старшина роти,1-ша механізована рота,2023-04-16,новобранець (мобілізація),2022-08-10,2022-08-13,№413,2023-04-19,начальник штабу батальйону,№712,2024-03-30,начальник штабу батальйону,№466,військова служба за мобілізацією,,,на весь період мобілізації,5190669849,Паспорт громадянина України (ID-картка),,012796114,1985-09-08,село Путивль,2022-08-04,Приморський РТЦК та СП м. Одеси,професійно-технічна,неодружений(а),має посвідчення водія категорії C,+380 70 384 30 98
UNIT-0135,сержант,Ісаєнко,Олег,Валентинович,Ісаєнко Олег Валентинович,чоловіча,03-050,заступник командира взводу,3-тя механізована рота,2024-01-05,Навчальний центр «Десна»,2022-06-26,2022-06-28,№507,2024-01-05,начальник штабу батальйону,№331,2023-06-22,начальник штабу батальйону,№346,військова служба за контрактом,2022-06-16,2025-06-16,,6938011848,Паспорт громадянина України (книжечка),ОЯ,021465,1997-06-26,селище Феодосія,2022-06-16,Київський РТЦК та СП Полтавської області,базова вища,"дружина/чоловік — Любов, діти — 1",володіє англійською мовою (розмовний рівень),093 769-04-26
UNIT-0136,рядовий,Деряжний,Орхип,Олегович,Деряжний Орхип Олегович,чоловіча,03-051,оператор БПЛА,3-тя механізована рота,2024-11-25,запас (повторний призов),2022-10-06,2022-10-06,№932,2024-11-26,командир бригади,№904,2024-01-06,начальник штабу батальйону,№163,військова служба за мобілізацією,,,на весь період мобілізації,7697357790,Паспорт громадянина України (книжечка),ОЖ,518489,1987-08-14,місто Дунаївці,2022-10-06,Соборний РТЦК та СП м. Дніпра,повна загальна середня,"дружина/чоловік — Ганна, діти — 3",володіє англійською мовою (розмовний рівень),+380 (33) 565-88-04
UNIT-0137,рядовий,Килимник,Гордій,Арсенович,Килимник Гордій Арсенович,чоловіча,03-052,сапер,3-тя механізована рота,2026-04-15,новобранець (мобілізація),2025-07-28,2025-07-29,№136,2026-04-18,командир бригади,№532,2026-05-03,командувач Сухопутних військ ЗСУ,№10,військова служба за контрактом,2025-07-17,2030-07-17,,3942373334,Паспорт громадянина України (книжечка),ЖР,518275,1994-08-27,село Голубівка,2025-07-17,Шевченківський РТЦК та СП м. Києва,базова вища,"дружина/чоловік — Стефан, діти — 1",,095 211-17-90
UNIT-0138,рядовий,Бабиченко,Теодор,Макарович,Бабиченко Теодор Макарович,чоловіча,01-038,кулеметник,1-ша механізована рота,2026-01-02,Навчальний центр «Десна»,2025-05-03,2025-05-03,№392,2026-01-02,командир бригади,№657,2026-05-09,командир бригади,№71,військова служба за мобілізацією,,,на весь період мобілізації,0867808562,Паспорт громадянина України (ID-картка),,947284639,1979-04-28,місто Сіверськодонецьк,2025-04-22,Київський РТЦК та СП Полтавської області,базова вища,"дружина/чоловік — Роксолана, діти — 1",має посвідчення водія категорії C,+380 00 369-15-59
UNIT-0139,рядовий,Конопленко,Варфоломій,Несторович,Конопленко Варфоломій Несторович,чоловіча,02-036,санітар-інструктор,2-га механізована рота,2025-06-01,переведення з іншої військової частини,2024-05-29,2024-06-01,№748,2025-06-02,командувач Сухопутних військ ЗСУ,№360,2025-07-12,командувач Сухопутних військ ЗСУ,№323,військова служба за мобілізацією,,,на весь період мобілізації,3655647292,Паспорт громадянина України (книжечка),ЩГ,795527,1999-06-12,місто Снігурівка,2024-05-20,Личаківський РТЦК та СП м. Львова,повна загальна середня,"дружина/чоловік — Людмила, діти — 2",,086 632-27-02
UNIT-0140,старший сержант,Франко,Леонтій,Болеславович,Франко Леонтій Болеславович,чоловіча,01-039,старшина роти,1-ша механізована рота,2026-07-31,121 окрема бригада ТрО,2026-07-19,2026-07-21,№662,2026-08-01,командир батальйону,№803,2026-07-26,командир бригади,№507,військова служба за мобілізацією,,,на весь період мобілізації,1203471754,Паспорт громадянина України (книжечка),ШН,744890,1997-09-15,селище Овруч,2026-07-19,Приморський РТЦК та СП м. Одеси,повна загальна середня,"дружина/чоловік — Микита, діти — 2",володіє англійською мовою (розмовний рівень),+380 50 615-93-99
UNIT-0141,рядовий,Дубина,Семен,Григорійович,Дубина Семен Григорійович,чоловіча,03-053,зв'язківець,3-тя механізована рота,2025-11-12,Навчальний центр Сухопутних військ,2025-03-05,2025-03-08,№978,2025-11-16,командир батальйону,№18,2026-04-03,командир батальйону,№15,військова служба за мобілізацією,,,на весь період мобілізації,2256996112,Паспорт громадянина України (книжечка),ЕЩ,771694,2002-02-25,село Зоринськ,2025-03-03,Соборний РТЦК та СП м. Дніпра,повна загальна середня,"дружина/чоловік — Давид, діти — 1",,+380 49 647-59-87
UNIT-0142,старший солдат,Усик,Валентин,Варфоломійович,Усик Валентин Варфоломійович,чоловіча,01-040,санітар-інструктор,1-ша механізована рота,2022-11-22,121 окрема бригада ТрО,2022-05-12,2022-05-15,№86,2022-11-22,начальник штабу батальйону,№81,2025-06-09,командир бригади,№998,військова служба за контрактом,2022-05-06,2027-05-06,,8006811492,Паспорт громадянина України (ID-картка),,341326111,2002-10-18,хутір Золотоноша,2022-05-06,Личаківський РТЦК та СП м. Львова,професійно-технічна,"дружина/чоловік — Владислав, діти — 3",,047 228-20-05
UNIT-0143,сержант,Павличенко,Трохим,Кирилович,Павличенко Трохим Кирилович,чоловіча,01-041,старшина роти,1-ша механізована рота,2026-06-11,новобранець (мобілізація),2026-02-27,2026-02-28,№465,2026-06-11,командир батальйону,№317,2026-04-07,командир бригади,№123,військова служба за мобілізацією,,,на весь період мобілізації,8845783174,Паспорт громадянина України (ID-картка),,872829979,2000-03-12,хутір Енергодар,2026-02-14,Шевченківський РТЦК та СП м. Києва,вища,"дружина/чоловік — Данна, діти — 1",,+380 00 825-47-80
UNIT-0144,сержант,Яремко,Ростислав,Макарович,Яремко Ростислав Макарович,чоловіча,02-037,командир відділення,2-га механізована рота,2024-09-23,новобранець (мобілізація),2024-09-16,2024-09-17,№790,2024-09-28,командир батальйону,№344,2026-04-28,командувач Сухопутних військ ЗСУ,№279,військова служба за контрактом,2024-09-11,2027-09-11,,6326634163,Паспорт громадянина України (ID-картка),,649308536,2000-05-04,селище Рахів,2024-09-11,Київський РТЦК та СП Полтавської області,повна загальна середня,дружина/чоловік — Роман,,+380 63 122-41-79
UNIT-0145,рядовий,Чуйко,Георгій,Святославович,Чуйко Георгій Святославович,чоловіча,01-042,навідник,1-ша механізована рота,2026-05-25,новобранець (мобілізація),2026-05-07,2026-05-08,№234,2026-05-27,командир батальйону,№46,2026-06-02,командир батальйону,№251,військова служба за контрактом,2026-05-02,2031-05-02,,7031207356,Паспорт громадянина України (ID-картка),,020802144,1979-02-07,хутір Ківерці,2026-05-02,Шевченківський РТЦК та СП м. Києва,професійно-технічна,дружина/чоловік — Світлана,,512-04-61
UNIT-0146,сержант,Шиян,Єлисавета,Васильівна,Шиян Єлисавета Васильівна,жіноча,02-038,заступник командира взводу,2-га механізована рота,2025-11-26,121 окрема бригада ТрО,2024-04-13,2024-04-15,№846,2025-11-27,командир батальйону,№586,2024-04-29,начальник штабу батальйону,№123,військова служба за мобілізацією,,,на весь період мобілізації,3764520881,Паспорт громадянина України (ID-картка),,136730371,2006-01-21,хутір Пустомити,2024-04-10,Київський РТЦК та СП Полтавської області,базова вища,неодружений(а),,+380 35 031-36-50
UNIT-0147,рядовий,Джус,Симон,Гордійович,Джус Симон Гордійович,чоловіча,03-054,санітар-інструктор,3-тя механізована рота,2024-11-06,новобранець (мобілізація),2023-03-03,2023-03-06,№378,2024-11-08,командир бригади,№299,2026-07-09,начальник штабу батальйону,№758,військова служба за контрактом,2023-03-02,2026-03-02,,5132719500,Паспорт громадянина України (книжечка),ТП,300979,1981-02-21,село Сіверськ,2023-03-02,Київський РТЦК та СП Полтавської області,повна загальна середня,дружина/чоловік — Максим,має посвідчення водія категорії C,273 58 57
UNIT-0148,старший сержант,Єсипенко,Аврелій,Русланович,Єсипенко Аврелій Русланович,чоловіча,00-008,командир відділення,Управління батальйону,2026-02-14,новобранець (мобілізація),2025-05-12,2025-05-15,№974,2026-02-14,начальник штабу батальйону,№2,2025-08-24,командувач Сухопутних військ ЗСУ,№870,військова служба за мобілізацією,,,на весь період мобілізації,3928557498,Паспорт громадянина України (книжечка),ЯЧ,407784,2003-12-12,місто Новий Калинів,2025-05-12,Соборний РТЦК та СП м. Дніпра,повна загальна середня,"дружина/чоловік — Данна, діти — 1",має досвід роботи з БПЛА,+380 44 857 08 62
UNIT-0149,рядовий,Андрійович,Розалія,Стефанівна,Андрійович Розалія Стефанівна,жіноча,03-055,сапер,3-тя механізована рота,2025-07-18,запас (повторний призов),2024-03-07,2024-03-07,№87,2025-07-19,командир батальйону,№518,2024-06-12,командир бригади,№653,військова служба за контрактом,2024-03-06,2029-03-06,,9456511810,Паспорт громадянина України (книжечка),МП,863878,1981-01-30,село Шепетівка,2024-03-06,Приморський РТЦК та СП м. Одеси,повна загальна середня,дружина/чоловік — Амалія,,017 310-96-78
UNIT-0150,рядовий,Колісниченко,Альберт,Іванович,Колісниченко Альберт Іванович,чоловіча,02-039,санітар-інструктор,2-га механізована рота,2024-05-10,переведення з іншої військової частини,2024-01-21,2024-01-23,№112,2024-05-12,командир бригади,№109,2024-01-30,командир бригади,№461,військова служба за мобілізацією,,,на весь період мобілізації,5094801413,Паспорт громадянина України (книжечка),ЖД,371705,1998-11-25,місто Сновськ,2024-01-10,Приморський РТЦК та СП м. Одеси,професійно-технічна,неодружений(а),,086 338-39-28
UNIT-0151,старший солдат,Фаренюк,Роман,Орхипович,Фаренюк Роман Орхипович,чоловіча,04-007,оператор БПЛА,Взвод забезпечення,2026-03-07,запас (повторний призов),2025-03-16,2025-03-16,№714,2026-03-07,командир батальйону,№221,2026-02-06,начальник штабу батальйону,№152,військова служба за мобілізацією,,,на весь період мобілізації,5585566593,Паспорт громадянина України (ID-картка),,122868528,2000-09-28,хутір Татарбунари,2025-03-12,Шевченківський РТЦК та СП м. Києва,вища,дружина/чоловік — Ліза,,+380 77 600-49-08
UNIT-0152,підполковник,Ґереґа,Феофан,Данилович,Ґереґа Феофан Данилович,чоловіча,01-043,командир взводу,1-ша механізована рота,2024-10-10,Навчальний центр «Десна»,2022-03-22,2022-03-25,№125,2024-10-14,командир батальйону,№64,2024-02-03,командир бригади,№134,військова служба за контрактом,2022-03-16,2023-03-16,,1075224593,Паспорт громадянина України (книжечка),ГЮ,350488,1981-02-14,селище Фастів,2022-03-16,Личаківський РТЦК та СП м. Львова,вища,"дружина/чоловік — Гліб, діти — 3",,969 31 57
UNIT-0153,лейтенант,Дубенко,Леонід,Юхимович,Дубенко Леонід Юхимович,чоловіча,03-056,командир взводу,3-тя механізована рота,2025-06-28,121 окрема бригада ТрО,2022-12-17,2022-12-17,№126,2025-06-29,командир батальйону,№965,2025-09-09,командувач Сухопутних військ ЗСУ,№52,базова військова служба,,,12 місяців,5661390604,Паспорт громадянина України (книжечка),ДВ,409610,1993-05-08,селище Новогродівка,2022-12-17,Личаківський РТЦК та СП м. Львова,вища,"дружина/чоловік — Миколай, діти — 1",,058 320 67 99
UNIT-0154,рядовий,Гоголь-Яновський,Арсен,Віталійович,Гоголь-Яновський Арсен Віталійович,чоловіча,01-044,водій,1-ша механізована рота,2026-03-02,новобранець (мобілізація),2025-11-10,2025-11-11,№629,2026-03-04,командир бригади,№663,2026-03-29,начальник штабу батальйону,№511,військова служба за мобілізацією,,,на весь період мобілізації,1686227837,Паспорт громадянина України (ID-картка),,225179086,1988-06-17,село Одеса,2025-10-27,Приморський РТЦК та СП м. Одеси,вища,"дружина/чоловік — Лариса, діти — 1",,014 659-11-66
UNIT-0155,молодший лейтенант,Сацюк,Дмитро,Васильович,Сацюк Дмитро Васильович,чоловіча,03-057,командир батальйону,3-тя механізована рота,2025-08-13,121 окрема бригада ТрО,2024-11-19,2024-11-19,№935,2025-08-16,начальник штабу батальйону,№398,2026-02-20,начальник штабу батальйону,№185,військова служба за контрактом,2024-11-16,2027-11-16,,7033521103,Паспорт громадянина України (книжечка),ЮР,042597,1980-07-08,селище Андрушівка,2024-11-16,Шевченківський РТЦК та СП м. Києва,професійно-технічна,неодружений(а),володіє англійською мовою (розмовний рівень),+380 14 770-53-83
UNIT-0156,рядовий,Забара,Марко,Миронович,Забара Марко Миронович,чоловіча,02-040,оператор БПЛА,2-га механізована рота,2026-06-04,новобранець (мобілізація),2024-05-15,2024-05-17,№254,2026-06-08,командир бригади,№273,2024-12-12,командир батальйону,№783,базова військова служба,,,12 місяців,9407016451,Паспорт громадянина України (ID-картка),,069804204,1984-04-02,селище Чуднів,2024-05-07,Личаківський РТЦК та СП м. Львова,базова вища,дружина/чоловік — Соломія,,068 157-98-12
UNIT-0157,старший сержант,Жарко,Леопольд,Леопольдович,Жарко Леопольд Леопольдович,чоловіча,01-045,старшина роти,1-ша механізована рота,2022-07-06,переведення з іншої військової частини,2022-05-06,2022-05-06,№972,2022-07-11,командир бригади,№857,2023-05-20,командувач Сухопутних військ ЗСУ,№556,військова служба за контрактом,2022-05-01,2027-05-01,,4384046084,Паспорт громадянина України (ID-картка),,845762055,1994-10-11,село Кадіївка,2022-05-01,Соборний РТЦК та СП м. Дніпра,повна загальна середня,неодружений(а),,+380 (21) 689-36-39
UNIT-0158,рядовий,Дашенко,Єлисей,Давидович,Дашенко Єлисей Давидович,чоловіча,00-009,оператор БПЛА,Управління батальйону,2025-11-26,121 окрема бригада ТрО,2024-12-13,2024-12-15,№61,2025-11-30,командир батальйону,№152,2026-02-07,командир бригади,№793,військова служба за мобілізацією,,,на весь період мобілізації,4826292518,Паспорт громадянина України (книжечка),ЧЕ,232983,1979-12-29,село Івано-Франківськ,2024-12-13,Шевченківський РТЦК та СП м. Києва,вища,"дружина/чоловік — Тарас, діти — 1",має посвідчення водія категорії C,005 664 74 23
UNIT-0159,молодший сержант,Гавриленко,Богуслав,Варфоломійович,Гавриленко Богуслав Варфоломійович,чоловіча,02-041,заступник командира взводу,2-га механізована рота,2025-08-16,Навчальний центр Сухопутних військ,2022-05-20,2022-05-22,№811,2025-08-17,командувач Сухопутних військ ЗСУ,№665,2026-07-25,начальник штабу батальйону,№179,базова військова служба,,,12 місяців,0517289752,Паспорт громадянина України (ID-картка),,994999393,1986-04-23,хутір Маріуполь,2022-05-16,Київський РТЦК та СП Полтавської області,базова вища,дружина/чоловік — Болеслав,,033 060 46 33
UNIT-0160,рядовий,Забашта,Андрій,Валерійович,Забашта Андрій Валерійович,чоловіча,01-046,сапер,1-ша механізована рота,2026-07-18,переведення з іншої військової частини,2025-11-21,2025-11-22,№401,2026-07-23,командир батальйону,№187,2026-05-28,начальник штабу батальйону,№944,військова служба за мобілізацією,,,на весь період мобілізації,9998808177,Паспорт громадянина України (ID-картка),,573660965,1997-06-01,село Нікополь,2025-11-19,Київський РТЦК та СП Полтавської області,повна загальна середня,дружина/чоловік — Максим,,+380 (08) 680-34-76
UNIT-0161,рядовий,Нестайко,Семен,Юхимович,Нестайко Семен Юхимович,чоловіча,03-058,зв'язківець,3-тя механізована рота,2025-07-26,Навчальний центр Сухопутних військ,2024-08-02,2024-08-02,№12,2025-07-31,начальник штабу батальйону,№215,2024-12-07,командир бригади,№710,військова служба за контрактом,2024-07-31,2029-07-31,,1298266570,Паспорт громадянина України (ID-картка),,649082771,2004-08-30,хутір Перемишляни,2024-07-31,Шевченківський РТЦК та СП м. Києва,професійно-технічна,дружина/чоловік — Франц,,071 452-11-17
UNIT-0162,капітан,Саєнко,Аркадій,Мирославович,Саєнко Аркадій Мирославович,чоловіча,04-008,заступник командира батальйону,Взвод забезпечення,2026-07-10,переведення з іншої військової частини,2025-06-08,2025-06-11,№667,2026-07-12,командир бригади,№167,2025-10-03,командувач Сухопутних військ ЗСУ,№76,військова служба за мобілізацією,,,на весь період мобілізації,2220644742,Паспорт громадянина України (книжечка),РЮ,686025,1980-10-22,село Голубівка,2025-06-01,Шевченківський РТЦК та СП м. Києва,професійно-технічна,дружина/чоловік — Аарон,,+380 07 778-09-73
UNIT-0163,рядовий,Захаренко,Михайло,Пилипович,Захаренко Михайло Пилипович,чоловіча,02-042,кулеметник,2-га механізована рота,2026-06-16,запас (повторний призов),2026-03-20,2026-03-20,№32,2026-06-18,командувач Сухопутних військ ЗСУ,№966,2026-05-30,командир бригади,№622,військова служба за контрактом,2026-03-12,2031-03-12,,0220502099,Паспорт громадянина України (ID-картка),,719903849,1984-09-21,селище Богодухів,2026-03-12,Приморський РТЦК та СП м. Одеси,повна загальна середня,неодружений(а),,162-24-99
UNIT-0164,сержант,Доценко,Костянтин,Степанович,Доценко Костянтин Степанович,чоловіча,03-059,старшина роти,3-тя механізована рота,2025-04-29,переведення з іншої військової частини,2025-04-02,2025-04-04,№563,2025-05-04,командувач Сухопутних військ ЗСУ,№158,2025-05-30,командир батальйону,№370,військова служба за мобілізацією,,,на весь період мобілізації,4721458683,Паспорт громадянина України (книжечка),БН,455616,1975-01-05,місто Броди,2025-03-19,Шевченківський РТЦК та СП м. Києва,професійно-технічна,неодружений(а),,794 69 54
UNIT-0165,рядовий,Рубець,Яків,Богуславович,Рубець Яків Богуславович,чоловіча,01-047,стрілець,1-ша механізована рота,2026-07-08,Навчальний центр Сухопутних військ,2026-05-19,2026-05-20,№483,2026-07-13,командувач Сухопутних військ ЗСУ,№917,2026-07-25,начальник штабу батальйону,№94,військова служба за мобілізацією,,,на весь період мобілізації,0107139660,Паспорт громадянина України (книжечка),ГК,772934,1983-10-07,селище Овруч,2026-05-16,Київський РТЦК та СП Полтавської області,професійно-технічна,дружина/чоловік — Ірена,,344-14-48
UNIT-0166,старший солдат,Павленко,Святослав,Ааронович,Павленко Святослав Ааронович,чоловіча,03-060,водій,3-тя механізована рота,2026-01-25,запас (повторний призов),2023-02-25,2023-02-27,№100,2026-01-29,командир батальйону,№685,2024-07-13,начальник штабу батальйону,№828,військова служба за мобілізацією,,,на весь період мобілізації,7027278576,Паспорт громадянина України (ID-картка),,569902355,2003-03-14,селище Олександрівськ,2023-02-12,Київський РТЦК та СП Полтавської області,професійно-технічна,дружина/чоловік — Маруся,проходить строкову медичну комісію,395-51-24
UNIT-0167,старший солдат,Архимович,Демʼян,Ігорович,Архимович Демʼян Ігорович,чоловіча,02-043,снайпер,2-га механізована рота,2026-01-05,новобранець (мобілізація),2023-08-03,2023-08-06,№515,2026-01-09,командир бригади,№124,2026-02-18,командувач Сухопутних військ ЗСУ,№178,військова служба за контрактом,2023-07-24,2026-07-24,,4617357438,Паспорт громадянина України (книжечка),НЧ,629145,1972-09-30,село Бунге,2023-07-24,Личаківський РТЦК та СП м. Львова,вища,"дружина/чоловік — Святослава, діти — 1",,317-80-78
UNIT-0168,рядовий,Дашкевич,Василь,Захарович,Дашкевич Василь Захарович,чоловіча,02-044,навідник,2-га механізована рота,2026-07-29,новобранець (мобілізація),2026-04-19,2026-04-21,№90,2026-07-31,командувач Сухопутних військ ЗСУ,№570,2026-06-05,командувач Сухопутних військ ЗСУ,№566,базова військова служба,,,12 місяців,1040915701,Паспорт громадянина України (ID-картка),,521823076,2006-02-20,місто Охтирка,2026-04-06,Соборний РТЦК та СП м. Дніпра,вища,дружина/чоловік — Руслан,має посвідчення водія категорії C,+380 35 334-48-57
UNIT-0169,старший солдат,Гайдамака,Георгій,Бориславович,Гайдамака Георгій Бориславович,чоловіча,03-061,санітар-інструктор,3-тя механізована рота,2024-08-27,новобранець (мобілізація),2023-06-29,2023-07-02,№948,2024-08-28,командир батальйону,№577,2023-12-22,командир батальйону,№805,військова служба за мобілізацією,,,на весь період мобілізації,4249321495,Паспорт громадянина України (ID-картка),,098813858,1992-04-07,місто Васильків,2023-06-28,Соборний РТЦК та СП м. Дніпра,вища,"дружина/чоловік — Адам, діти — 1",,+380 01 601 66 29
UNIT-0170,молодший сержант,Червоненко,Олег,Зорянович,Червоненко Олег Зорянович,чоловіча,02-045,командир відділення,2-га механізована рота,2025-07-08,запас (повторний призов),2024-10-23,2024-10-25,№412,2025-07-11,командир батальйону,№406,2026-07-17,начальник штабу батальйону,№708,військова служба за мобілізацією,,,на весь період мобілізації,4773329456,Паспорт громадянина України (ID-картка),,381792171,2001-08-06,селище Тростянець,2024-10-21,Личаківський РТЦК та СП м. Львова,повна загальна середня,"дружина/чоловік — Михайлина, діти — 1",,+380 70 171 57 72
UNIT-0171,рядовий,Мазур,Святослав,Зиновійович,Мазур Святослав Зиновійович,чоловіча,01-048,сапер,1-ша механізована рота,2025-06-05,121 окрема бригада ТрО,2023-04-08,2023-04-11,№276,2025-06-10,командувач Сухопутних військ ЗСУ,№620,2023-09-01,командир батальйону,№193,військова служба за контрактом,2023-03-26,2024-03-26,,6963938276,Паспорт громадянина України (книжечка),ШП,615814,2001-12-18,селище Городенка,2023-03-26,Приморський РТЦК та СП м. Одеси,повна загальна середня,"дружина/чоловік — Станіслав, діти — 2",проходить строкову медичну комісію,+380 (69) 583-21-97
UNIT-0172,старший солдат,Гайда,Михайло,Опанасович,Гайда Михайло Опанасович,чоловіча,01-049,навідник,1-ша механізована рота,2026-04-06,новобранець (мобілізація),2026-02-02,2026-02-04,№178,2026-04-11,командир бригади,№897,2026-05-19,командир бригади,№858,військова служба за мобілізацією,,,на весь період мобілізації,9657013290,Паспорт громадянина України (книжечка),СУ,172461,1977-12-29,село Луганськ,2026-02-01,Шевченківський РТЦК та СП м. Києва,повна загальна середня,"дружина/чоловік — Максим, діти — 3",,+380 69 973-35-49
UNIT-0173,старший солдат,Нестайко,Юхим,Костянтинович,Нестайко Юхим Костянтинович,чоловіча,04-009,санітар-інструктор,Взвод забезпечення,2025-04-17,Навчальний центр «Десна»,2025-02-07,2025-02-07,№984,2025-04-22,командувач Сухопутних військ ЗСУ,№601,2026-04-25,начальник штабу батальйону,№353,військова служба за мобілізацією,,,на весь період мобілізації,5800851403,Паспорт громадянина України (книжечка),ФП,098624,1974-11-04,хутір Попасна,2025-01-28,Личаківський РТЦК та СП м. Львова,вища,неодружений(а),проходить строкову медичну комісію,+380 66 668-32-72
UNIT-0174,рядовий,Єресько,Микита,Едуардович,Єресько Микита Едуардович,чоловіча,01-050,стрілець,1-ша механізована рота,2026-02-08,переведення з іншої військової частини,2025-03-21,2025-03-22,№21,2026-02-09,командир батальйону,№486,2025-07-16,командир бригади,№663,військова служба за контрактом,2025-03-19,2030-03-19,,7621267969,Паспорт громадянина України (книжечка),ХО,422010,1980-05-24,хутір Мукачево,2025-03-19,Личаківський РТЦК та СП м. Львова,базова вища,неодружений(а),,+380 (87) 653-26-90
UNIT-0175,рядовий,Абрагамовський,Теодор,Соломонович,Абрагамовський Теодор Соломонович,чоловіча,02-046,сапер,2-га механізована рота,2026-04-24,переведення з іншої військової частини,2024-03-06,2024-03-09,№845,2026-04-26,командувач Сухопутних військ ЗСУ,№599,2025-04-22,командир батальйону,№8,військова служба за мобілізацією,,,на весь період мобілізації,5197128478,Паспорт громадянина України (книжечка),КЦ,689500,2003-06-25,місто Донецьк,2024-02-29,Київський РТЦК та СП Полтавської області,вища,"дружина/чоловік — Лесь, діти — 2",,894 90 58
UNIT-0176,рядовий,Александренко,Лесь,Леопольдович,Александренко Лесь Леопольдович,чоловіча,02-047,кулеметник,2-га механізована рота,2026-07-23,121 окрема бригада ТрО,2026-07-12,2026-07-12,№268,2026-07-25,начальник штабу батальйону,№193,2026-07-21,командир бригади,№530,базова військова служба,,,12 місяців,0792904904,Паспорт громадянина України (ID-картка),,654420949,1988-04-26,місто Вараш,2026-07-05,Личаківський РТЦК та СП м. Львова,вища,"дружина/чоловік — Леопольд, діти — 2",,442 94 44
UNIT-0177,рядовий,Алексюк,Прохір,Богданович,Алексюк Прохір Богданович,чоловіча,02-048,стрілець,2-га механізована рота,2026-03-06,новобранець (мобілізація),2023-08-30,2023-09-02,№598,2026-03-08,командир бригади,№352,2024-04-10,командир бригади,№703,військова служба за мобілізацією,,,на весь період мобілізації,8051292766,Паспорт громадянина України (книжечка),НШ,752437,1982-11-25,хутір Сновськ,2023-08-20,Київський РТЦК та СП Полтавської області,базова вища,"дружина/чоловік — Олесь, діти — 1",,039 504 10 27
UNIT-0178,старшина,Тимченко,Лесь,Данилович,Тимченко Лесь Данилович,чоловіча,03-062,старшина роти,3-тя механізована рота,2026-06-27,запас (повторний призов),2026-03-16,2026-03-18,№828,2026-06-27,командир бригади,№970,2026-04-28,начальник штабу батальйону,№671,військова служба за мобілізацією,,,на весь період мобілізації,6580185694,Паспорт громадянина України (ID-картка),,667428604,2001-02-19,селище Жашків,2026-03-14,Шевченківський РТЦК та СП м. Києва,повна загальна середня,неодружений(а),проходить строкову медичну комісію,496 73 93
UNIT-0179,молодший лейтенант,Приймак,Остап,Русланович,Приймак Остап Русланович,чоловіча,01-051,начальник штабу батальйону,1-ша механізована рота,2025-01-07,переведення з іншої військової частини,2023-09-09,2023-09-11,№967,2025-01-10,командир батальйону,№484,2026-01-02,командир бригади,№513,військова служба за контрактом,2023-09-05,2026-09-05,,1753443009,Паспорт громадянина України (книжечка),ХУ,001061,2006-05-04,місто Перещепине,2023-09-05,Шевченківський РТЦК та СП м. Києва,вища,дружина/чоловік — Ірена,проходить строкову медичну комісію,119 26 92
UNIT-0180,підполковник,Гаврилюк,Павло,Варфоломійович,Гаврилюк Павло Варфоломійович,чоловіча,03-063,начальник штабу батальйону,3-тя механізована рота,2025-07-28,новобранець (мобілізація),2024-04-27,2024-04-30,№500,2025-07-29,начальник штабу батальйону,№647,2026-04-16,командир бригади,№321,військова служба за мобілізацією,,,на весь період мобілізації,6650442717,Паспорт громадянина України (ID-картка),,174654214,1974-11-03,хутір Гайворон,2024-04-21,Шевченківський РТЦК та СП м. Києва,повна загальна середня,неодружений(а),має посвідчення водія категорії C,+380 12 863 91 74
UNIT-0181,старший сержант,Власюк,Азар,Антонович,Власюк Азар Антонович,чоловіча,02-049,заступник командира взводу,2-га механізована рота,2025-03-17,Навчальний центр Сухопутних військ,2022-10-12,2022-10-12,№5,2025-03-18,командир батальйону,№547,2025-11-03,командир бригади,№749,військова служба за контрактом,2022-09-30,2027-09-30,,6425690877,Паспорт громадянина України (книжечка),ОР,470720,1973-03-03,хутір Часів Яр,2022-09-30,Соборний РТЦК та СП м. Дніпра,вища,"дружина/чоловік — Пилип, діти — 2",,830 67 19
UNIT-0182,молодший сержант,Рябошапка,Демид,Ростиславович,Рябошапка Демид Ростиславович,чоловіча,02-050,командир відділення,2-га механізована рота,2025-08-01,Навчальний центр «Десна»,2024-09-24,2024-09-26,№67,2025-08-03,командир батальйону,№306,2024-11-02,начальник штабу батальйону,№467,військова служба за мобілізацією,,,на весь період мобілізації,3280634615,Паспорт громадянина України (книжечка),УК,158517,1990-04-29,місто Южне,2024-09-21,Київський РТЦК та СП Полтавської області,базова вища,дружина/чоловік — Олександр,,+380 32 030 93 76
UNIT-0183,рядовий,Батуринець,Марʼяна,Кирилівна,Батуринець Марʼяна Кирилівна,жіноча,02-051,водій,2-га механізована рота,2025-12-28,Навчальний центр «Десна»,2025-12-22,2025-12-25,№217,2025-12-28,командир батальйону,№604,2026-01-03,командир бригади,№127,військова служба за мобілізацією,,,на весь період мобілізації,9310270790,Паспорт громадянина України (ID-картка),,505061387,1980-09-24,село Андрушівка,2025-12-20,Соборний РТЦК та СП м. Дніпра,вища,"дружина/чоловік — Єва, діти — 3",,417-92-91
UNIT-0184,рядовий,Габелко,Богдан,Мартинович,Габелко Богдан Мартинович,чоловіча,02-052,стрілець,2-га механізована рота,2024-04-27,Навчальний центр Сухопутних військ,2024-01-20,2024-01-20,№455,2024-05-02,командувач Сухопутних військ ЗСУ,№127,2024-11-19,начальник штабу батальйону,№486,військова служба за контрактом,2024-01-10,2025-01-10,,0925114262,Паспорт громадянина України (ID-картка),,656519825,1985-02-07,село Лебедин,2024-01-10,Личаківський РТЦК та СП м. Львова,повна загальна середня,"дружина/чоловік — Лариса, діти — 1",,219-62-07
UNIT-0185,рядовий,Ватаманюк,Аарон,Ааронович,Ватаманюк Аарон Ааронович,чоловіча,02-053,навідник,2-га механізована рота,2024-01-26,Навчальний центр Сухопутних військ,2023-09-10,2023-09-10,№204,2024-01-30,командир бригади,№797,2026-06-12,начальник штабу батальйону,№852,військова служба за контрактом,2023-09-04,2024-09-04,,4876329092,Паспорт громадянина України (книжечка),ЮГ,946723,1980-05-01,місто Почаїв,2023-09-04,Київський РТЦК та СП Полтавської області,вища,дружина/чоловік — Марта,,+380 60 833-18-19
UNIT-0186,рядовий,Сагаль,Трохим,Тарасович,Сагаль Трохим Тарасович,чоловіча,02-054,оператор БПЛА,2-га механізована рота,2026-07-04,переведення з іншої військової частини,2026-06-24,2026-06-25,№686,2026-07-04,командувач Сухопутних військ ЗСУ,№153,2026-07-11,командир батальйону,№799,військова служба за мобілізацією,,,на весь період мобілізації,7220054364,Паспорт громадянина України (книжечка),ГЯ,340312,2002-11-17,хутір Белз,2026-06-19,Київський РТЦК та СП Полтавської області,повна загальна середня,"дружина/чоловік — Орхип, діти — 3",,822-07-81
UNIT-0187,рядовий,Безбородько,Клавдія,Семенівна,Безбородько Клавдія Семенівна,жіноча,03-064,оператор БПЛА,3-тя механізована рота,2026-07-25,Навчальний центр Сухопутних військ,2025-12-07,2025-12-07,№757,2026-07-26,командир батальйону,№98,2026-07-20,командир батальйону,№10,військова служба за контрактом,2025-12-07,2028-12-07,,3136363179,Паспорт громадянина України (книжечка),ЦЛ,563531,1992-10-15,місто Яворів,2025-12-07,Личаківський РТЦК та СП м. Львова,базова вища,неодружений(а),,+380 (23) 972-65-27
UNIT-0188,молодший сержант,Єфименко,Олександр,Зорянович,Єфименко Олександр Зорянович,чоловіча,01-052,старшина роти,1-ша механізована рота,2025-04-21,Навчальний центр Сухопутних військ,2024-06-11,2024-06-13,№707,2025-04-23,командувач Сухопутних військ ЗСУ,№820,2025-11-13,командувач Сухопутних військ ЗСУ,№665,військова служба за мобілізацією,,,на весь період мобілізації,7762534929,Паспорт громадянина України (книжечка),ПИ,209042,1978-02-26,село Богодухів,2024-06-10,Личаківський РТЦК та СП м. Львова,повна загальна середня,дружина/чоловік — Оксана,,+380 39 774 06 33
UNIT-0189,старший солдат,Панчук,Ольга,Несторівна,Панчук Ольга Несторівна,жіноча,01-053,оператор БПЛА,1-ша механізована рота,2026-07-24,запас (повторний призов),2024-01-17,2024-01-20,№997,2026-07-26,командир бригади,№495,2024-09-02,командувач Сухопутних військ ЗСУ,№116,військова служба за контрактом,2024-01-15,2029-01-15,,7177318063,Паспорт громадянина України (ID-картка),,906007806,1997-06-05,селище Здолбунів,2024-01-15,Приморський РТЦК та СП м. Одеси,професійно-технічна,неодружений(а),,010 742-79-90
UNIT-0190,старшина,Чумаченко,Левко,Теодорович,Чумаченко Левко Теодорович,чоловіча,01-054,старшина роти,1-ша механізована рота,2026-05-08,новобранець (мобілізація),2023-05-12,2023-05-13,№444,2026-05-13,командир бригади,№494,2025-01-18,начальник штабу батальйону,№680,військова служба за контрактом,2023-04-30,2028-04-30,,8046498931,Паспорт громадянина України (книжечка),ЧФ,257016,1993-04-01,місто Нетішин,2023-04-30,Приморський РТЦК та СП м. Одеси,повна загальна середня,"дружина/чоловік — Юстим, діти — 2",,+380 01 657-90-55
UNIT-0191,рядовий,Дзиндра,Омелян,Олегович,Дзиндра Омелян Олегович,чоловіча,02-055,оператор БПЛА,2-га механізована рота,2025-02-20,121 окрема бригада ТрО,2022-10-03,2022-10-06,№52,2025-02-21,командир бригади,№564,2025-09-25,командувач Сухопутних військ ЗСУ,№413,військова служба за мобілізацією,,,на весь період мобілізації,9335548640,Паспорт громадянина України (книжечка),ЗЛ,325381,2003-02-27,селище Калуш,2022-09-20,Личаківський РТЦК та СП м. Львова,повна загальна середня,дружина/чоловік — Климент,проходить строкову медичну комісію,+380 88 178 84 79
UNIT-0192,рядовий,Свириденко,Соломон,Романович,Свириденко Соломон Романович,чоловіча,02-056,оператор БПЛА,2-га механізована рота,2023-07-15,новобранець (мобілізація),2022-09-26,2022-09-26,№811,2023-07-15,начальник штабу батальйону,№912,2026-07-01,командир бригади,№671,військова служба за мобілізацією,,,на весь період мобілізації,1241272380,Паспорт громадянина України (книжечка),ТА,711624,1975-10-31,хутір Сватове,2022-09-15,Приморський РТЦК та СП м. Одеси,вища,дружина/чоловік — Віра,проходить строкову медичну комісію,+380 56 704 31 03
UNIT-0193,старший сержант,Пилипенко,Едуард,Олесьович,Пилипенко Едуард Олесьович,чоловіча,03-065,старшина роти,3-тя механізована рота,2026-06-24,новобранець (мобілізація),2025-01-31,2025-02-02,№350,2026-06-29,начальник штабу батальйону,№850,2026-06-09,начальник штабу батальйону,№561,військова служба за мобілізацією,,,на весь період мобілізації,4924243754,Паспорт громадянина України (книжечка),ЦЗ,579887,2001-10-05,село Кам'янка-Бузька,2025-01-24,Київський РТЦК та СП Полтавської області,професійно-технічна,неодружений(а),володіє англійською мовою (розмовний рівень),+380 72 928-42-22
UNIT-0194,старший сержант,Демиденко,Володимир,Богданович,Демиденко Володимир Богданович,чоловіча,02-057,старшина роти,2-га механізована рота,2023-11-15,Навчальний центр «Десна»,2022-07-12,2022-07-15,№469,2023-11-15,командир бригади,№734,2024-12-09,начальник штабу батальйону,№111,військова служба за мобілізацією,,,на весь період мобілізації,5525782841,Паспорт громадянина України (книжечка),ГН,274523,1972-12-15,хутір Монастириська,2022-07-01,Приморський РТЦК та СП м. Одеси,повна загальна середня,дружина/чоловік — Святослав,має посвідчення водія категорії C,075 208 85 47
UNIT-0195,сержант,Масоха,Ярослав,Стефанович,Масоха Ярослав Стефанович,чоловіча,02-058,старшина роти,2-га механізована рота,2025-10-22,переведення з іншої військової частини,2023-05-28,2023-05-31,№495,2025-10-22,командир бригади,№709,2026-06-30,командир бригади,№749,військова служба за мобілізацією,,,на весь період мобілізації,4069375150,Паспорт громадянина України (книжечка),ОЯ,751702,1978-07-19,село Тлумач,2023-05-26,Личаківський РТЦК та СП м. Львова,повна загальна середня,"дружина/чоловік — Ярема, діти — 1",,+380 30 187-18-63
UNIT-0196,капітан,Яремків,Давид,Орестович,Яремків Давид Орестович,чоловіча,03-066,командир роти,3-тя механізована рота,2026-07-08,Навчальний центр Сухопутних військ,2026-07-06,2026-07-09,№617,2026-07-10,начальник штабу батальйону,№864,2026-07-19,начальник штабу батальйону,№729,базова військова служба,,,12 місяців,4554781376,Паспорт громадянина України (книжечка),ДД,626565,1971-06-05,селище Вознесенськ,2026-07-02,Київський РТЦК та СП Полтавської області,базова вища,неодружений(а),,+380 (62) 991-23-47
UNIT-0197,рядовий,Пилипенко,Андрій,Омелянович,Пилипенко Андрій Омелянович,чоловіча,03-067,навідник,3-тя механізована рота,2025-07-24,запас (повторний призов),2025-05-17,2025-05-18,№119,2025-07-28,начальник штабу батальйону,№576,2025-05-11,командувач Сухопутних військ ЗСУ,№597,військова служба за мобілізацією,,,на весь період мобілізації,6487049478,Паспорт громадянина України (ID-картка),,646287923,1983-04-03,село Балта,2025-05-06,Київський РТЦК та СП Полтавської області,вища,"дружина/чоловік — Симон, діти — 2",,244-71-46
UNIT-0198,старший сержант,Дурдинець,Леонід,Русланович,Дурдинець Леонід Русланович,чоловіча,03-068,старшина роти,3-тя механізована рота,2024-05-09,Навчальний центр «Десна»,2024-03-26,2024-03-26,№274,2024-05-12,командир бригади,№294,2024-09-26,начальник штабу батальйону,№150,військова служба за мобілізацією,,,на весь період мобілізації,7158904290,Паспорт громадянина України (ID-картка),,471959796,1988-02-23,селище Люботин,2024-03-25,Шевченківський РТЦК та СП м. Києва,базова вища,неодружений(а),має посвідчення водія категорії C,052 045 65 04
UNIT-0199,старший сержант,Матяш,Макар,Павлович,Матяш Макар Павлович,чоловіча,02-059,командир відділення,2-га механізована рота,2025-01-04,запас (повторний призов),2022-10-29,2022-10-30,№295,2025-01-09,командир батальйону,№949,2023-08-17,командувач Сухопутних військ ЗСУ,№397,військова служба за контрактом,2022-10-20,2025-10-20,,4451895202,Паспорт громадянина України (книжечка),ЮЮ,219285,1992-02-11,селище Тиврів,2022-10-20,Приморський РТЦК та СП м. Одеси,вища,"дружина/чоловік — Юстина, діти — 2",,+380 (52) 132-83-38
UNIT-0200,рядовий,Гаврюшенко,Євген,Леопольдович,Гаврюшенко Євген Леопольдович,чоловіча,01-055,оператор БПЛА,1-ша механізована рота,2023-05-01,запас (повторний призов),2022-11-01,2022-11-02,№618,2023-05-06,командир бригади,№795,2026-04-13,командир бригади,№302,військова служба за контрактом,2022-10-19,2027-10-19,,7985240132,Паспорт громадянина України (книжечка),УТ,207545,1980-01-21,село Золоте,2022-10-19,Приморський РТЦК та СП м. Одеси,повна загальна середня,дружина/чоловік — Віра,має посвідчення водія категорії C,021 611-07-60
UNIT-0201,рядовий,Жайворон,Орхип,Азарович,Жайворон Орхип Азарович,чоловіча,04-010,сапер,Взвод забезпечення,2026-07-30,новобранець (мобілізація),2026-07-16,2026-07-18,№339,2026-07-31,командувач Сухопутних військ ЗСУ,№727,2026-07-09,командир бригади,№41,військова служба за мобілізацією,,,на весь період мобілізації,9325012495,Паспорт громадянина України (ID-картка),,714014011,1984-07-28,село Чигирин,2026-07-08,Личаківський РТЦК та СП м. Львова,вища,"дружина/чоловік — Леопольд, діти — 3",,089 119-08-33
UNIT-0202,старший солдат,Мазепа,Валентин,Стефанович,Мазепа Валентин Стефанович,чоловіча,03-069,снайпер,3-тя механізована рота,2023-01-14,новобранець (мобілізація),2022-03-14,2022-03-14,№806,2023-01-19,командир бригади,№426,2024-01-02,командувач Сухопутних військ ЗСУ,№95,військова служба за мобілізацією,,,на весь період мобілізації,2566383615,Паспорт громадянина України (книжечка),ЕС,875927,1977-11-24,хутір Брянка,2022-03-09,Соборний РТЦК та СП м. Дніпра,повна загальна середня,неодружений(а),,075 480 15 71
UNIT-0203,рядовий,Стельмах,Гордій,Леопольдович,Стельмах Гордій Леопольдович,чоловіча,01-056,снайпер,1-ша механізована рота,2026-04-13,переведення з іншої військової частини,2024-10-27,2024-10-27,№250,2026-04-13,командир батальйону,№699,2025-09-29,начальник штабу батальйону,№391,військова служба за контрактом,2024-10-20,2027-10-20,,7520716781,Паспорт громадянина України (книжечка),ХФ,386463,1975-05-02,село Коростень,2024-10-20,Шевченківський РТЦК та СП м. Києва,професійно-технічна,"дружина/чоловік — Одарка, діти — 2",проходить строкову медичну комісію,215 35 39
UNIT-0204,старший сержант,Ткаченко,Богодар,Владиславович,Ткаченко Богодар Владиславович,чоловіча,01-057,заступник командира взводу,1-ша механізована рота,2026-07-20,Навчальний центр «Десна»,2025-10-12,2025-10-12,№995,2026-07-22,командир батальйону,№642,2026-04-16,командир батальйону,№216,військова служба за контрактом,2025-10-05,2026-10-05,,9678427114,Паспорт громадянина України (книжечка),ВГ,499465,2002-12-22,хутір Дніпрорудне,2025-10-05,Личаківський РТЦК та СП м. Львова,вища,"дружина/чоловік — Володимира, діти — 2",проходить строкову медичну комісію,101-70-26
UNIT-0205,сержант,Палій,Борислав,Данилович,Палій Борислав Данилович,чоловіча,00-010,заступник командира взводу,Управління батальйону,2026-03-24,новобранець (мобілізація),2022-12-30,2022-12-30,№76,2026-03-29,командир батальйону,№183,2023-04-17,начальник штабу батальйону,№572,військова служба за контрактом,2022-12-20,2023-12-20,,8485880061,Паспорт громадянина України (книжечка),ЛБ,877347,2003-12-16,хутір Зугрес,2022-12-20,Шевченківський РТЦК та СП м. Києва,базова вища,неодружений(а),,+380 (77) 002-84-27
UNIT-0206,молодший сержант,Худобʼяк,Болеслав,Давидович,Худобʼяк Болеслав Давидович,чоловіча,03-070,заступник командира взводу,3-тя механізована рота,2026-07-04,новобранець (мобілізація),2025-06-21,2025-06-21,№775,2026-07-07,командир батальйону,№718,2025-09-08,командир батальйону,№367,військова служба за контрактом,2025-06-16,2030-06-16,,8280647969,Паспорт громадянина України (книжечка),ШФ,978897,2002-12-24,селище Ізюм,2025-06-16,Київський РТЦК та СП Полтавської області,повна загальна середня,дружина/чоловік — Анжела,,902-55-90
UNIT-0207,рядовий,Прокопович,Сніжана,Артемівна,Прокопович Сніжана Артемівна,жіноча,00-011,стрілець,Управління батальйону,2026-03-06,переведення з іншої військової частини,2025-10-23,2025-10-24,№303,2026-03-10,командир бригади,№306,2026-03-03,начальник штабу батальйону,№981,військова служба за мобілізацією,,,на весь період мобілізації,4152085076,Паспорт громадянина України (ID-картка),,650333491,1975-01-20,селище Армянськ,2025-10-16,Шевченківський РТЦК та СП м. Києва,базова вища,дружина/чоловік — Тереза,,569-65-91
UNIT-0208,старший солдат,Ярема,Артем,Русланович,Ярема Артем Русланович,чоловіча,03-071,кулеметник,3-тя механізована рота,2025-05-03,переведення з іншої військової частини,2023-11-29,2023-11-30,№146,2025-05-08,командир бригади,№189,2026-01-04,командир бригади,№632,військова служба за контрактом,2023-11-25,2028-11-25,,3718344049,Паспорт громадянина України (книжечка),ОХ,852945,2000-04-06,село Помічна,2023-11-25,Соборний РТЦК та СП м. Дніпра,повна загальна середня,неодружений(а),має посвідчення водія категорії C,919 54 19
UNIT-0209,старшина,Шутько,Єлисей,Веніяминович,Шутько Єлисей Веніяминович,чоловіча,03-072,старшина роти,3-тя механізована рота,2025-04-14,Навчальний центр Сухопутних військ,2025-02-14,2025-02-14,№975,2025-04-16,начальник штабу батальйону,№366,2026-06-28,командир бригади,№688,військова служба за контрактом,2025-02-07,2028-02-07,,6649878208,Паспорт громадянина України (книжечка),ШУ,484685,1984-03-17,хутір Городок,2025-02-07,Личаківський РТЦК та СП м. Львова,повна загальна середня,"дружина/чоловік — Опанас, діти — 1",,+380 48 969 08 35
UNIT-0210,сержант,Швачко,Борис,Володимирович,Швачко Борис Володимирович,чоловіча,01-058,старшина роти,1-ша механізована рота,2026-05-14,Навчальний центр «Десна»,2023-06-15,2023-06-16,№5,2026-05-18,начальник штабу батальйону,№253,2024-09-14,командир бригади,№730,військова служба за контрактом,2023-06-06,2026-06-06,,9363123034,Паспорт громадянина України (ID-картка),,665136442,1988-01-18,хутір Овруч,2023-06-06,Приморський РТЦК та СП м. Одеси,професійно-технічна,"дружина/чоловік — Єфрем, діти — 1",проходить строкову медичну комісію,+380 (03) 242-04-48
UNIT-0211,рядовий,Дзюба,Омелян,Алевтинович,Дзюба Омелян Алевтинович,чоловіча,02-060,сапер,2-га механізована рота,2026-04-23,Навчальний центр «Десна»,2026-04-20,2026-04-20,№913,2026-04-24,командир бригади,№270,2026-04-23,командир батальйону,№745,військова служба за контрактом,2026-04-13,2027-04-13,,3198189847,Паспорт громадянина України (ID-картка),,159416516,1980-02-28,село Петрово-Красносілля,2026-04-13,Шевченківський РТЦК та СП м. Києва,вища,"дружина/чоловік — Богодар, діти — 2",,+380 59 636-32-12
UNIT-0212,рядовий,Засядько,Герман,Леонідович,Засядько Герман Леонідович,чоловіча,01-059,стрілець,1-ша механізована рота,2025-11-29,121 окрема бригада ТрО,2025-08-23,2025-08-25,№402,2025-12-03,командир бригади,№913,2026-07-16,начальник штабу батальйону,№138,військова служба за контрактом,2025-08-15,2030-08-15,,8673425754,Паспорт громадянина України (книжечка),ЩД,907851,1992-02-18,місто Хрустальний,2025-08-15,Приморський РТЦК та СП м. Одеси,професійно-технічна,неодружений(а),,348-64-51
UNIT-0213,рядовий,Кабалюк,Тимофій,Леонідович,Кабалюк Тимофій Леонідович,чоловіча,03-073,навідник,3-тя механізована рота,2025-07-02,переведення з іншої військової частини,2025-06-26,2025-06-27,№676,2025-07-05,командир бригади,№754,2026-04-15,командувач Сухопутних військ ЗСУ,№962,військова служба за мобілізацією,,,на весь період мобілізації,0417765612,Паспорт громадянина України (ID-картка),,441343275,1998-03-30,місто Кам'янка-Бузька,2025-06-14,Соборний РТЦК та СП м. Дніпра,повна загальна середня,"дружина/чоловік — Оксенія, діти — 1",,+380 70 027-20-63
UNIT-0214,рядовий,Нестеренко,Давид,Олександрович,Нестеренко Давид Олександрович,чоловіча,03-074,зв'язківець,3-тя механізована рота,2023-05-03,121 окрема бригада ТрО,2022-11-12,2022-11-15,№106,2023-05-06,начальник штабу батальйону,№855,2023-07-09,начальник штабу батальйону,№593,військова служба за контрактом,2022-11-06,2023-11-06,,2954316526,Паспорт громадянина України (ID-картка),,382965772,1988-05-02,село Армянськ,2022-11-06,Київський РТЦК та СП Полтавської області,базова вища,"дружина/чоловік — Алла, діти — 2",,017 342-06-96
UNIT-0215,старший солдат,Конопля,Борислав,Арсенович,Конопля Борислав Арсенович,чоловіча,02-061,санітар-інструктор,2-га механізована рота,2025-09-05,121 окрема бригада ТрО,2025-04-26,2025-04-27,№499,2025-09-09,командувач Сухопутних військ ЗСУ,№909,2026-06-26,командир батальйону,№514,військова служба за мобілізацією,,,на весь період мобілізації,4476263934,Паспорт громадянина України (ID-картка),,108677133,1983-07-25,хутір Гайсин,2025-04-12,Личаківський РТЦК та СП м. Львова,професійно-технічна,неодружений(а),,+380 (20) 443-97-35
UNIT-0216,рядовий,Шаповал,Аркадій,Августинович,Шаповал Аркадій Августинович,чоловіча,01-060,навідник,1-ша механізована рота,2026-03-21,запас (повторний призов),2026-02-24,2026-02-24,№117,2026-03-26,командувач Сухопутних військ ЗСУ,№692,2026-04-22,командувач Сухопутних військ ЗСУ,№491,військова служба за мобілізацією,,,на весь період мобілізації,0537599004,Паспорт громадянина України (ID-картка),,636694118,1974-08-05,селище Коростень,2026-02-19,Личаківський РТЦК та СП м. Львова,базова вища,дружина/чоловік — Святослава,,080 924 28 75
UNIT-0217,рядовий,Шило,Богуслав,Арсенович,Шило Богуслав Арсенович,чоловіча,03-075,снайпер,3-тя механізована рота,2026-05-10,переведення з іншої військової частини,2024-11-05,2024-11-06,№982,2026-05-10,командувач Сухопутних військ ЗСУ,№614,2025-12-21,командир батальйону,№900,військова служба за мобілізацією,,,на весь період мобілізації,6449485625,Паспорт громадянина України (ID-картка),,624150274,1995-02-18,село Носівка,2024-11-05,Соборний РТЦК та СП м. Дніпра,вища,неодружений(а),,+380 03 203 20 74
UNIT-0218,старший солдат,Деревʼянко,Панас,Лукʼянович,Деревʼянко Панас Лукʼянович,чоловіча,02-062,водій,2-га механізована рота,2026-01-07,Навчальний центр «Десна»,2025-11-23,2025-11-26,№639,2026-01-11,начальник штабу батальйону,№172,2026-05-21,начальник штабу батальйону,№945,військова служба за мобілізацією,,,на весь період мобілізації,5134228499,Паспорт громадянина України (ID-картка),,075877712,1979-01-04,місто Нове Давидково,2025-11-10,Приморський РТЦК та СП м. Одеси,базова вища,неодружений(а),,061 371 50 41
UNIT-0219,рядовий,Теліженко,Зорян,Омелянович,Теліженко Зорян Омелянович,чоловіча,03-076,снайпер,3-тя механізована рота,2024-06-17,новобранець (мобілізація),2023-02-01,2023-02-04,№899,2024-06-18,командир батальйону,№96,2023-09-14,командувач Сухопутних військ ЗСУ,№676,військова служба за контрактом,2023-01-19,2024-01-19,,5097592304,Паспорт громадянина України (книжечка),ФФ,017774,1970-12-28,місто Старобільськ,2023-01-19,Личаківський РТЦК та СП м. Львова,вища,"дружина/чоловік — Богуслава, діти — 3",,+380 (16) 423-61-03
UNIT-0220,рядовий,Дергач,Ігнат,Тимофійович,Дергач Ігнат Тимофійович,чоловіча,01-061,стрілець,1-ша механізована рота,2025-11-26,121 окрема бригада ТрО,2025-08-08,2025-08-11,№604,2025-11-27,командир батальйону,№436,2026-04-05,командир бригади,№261,базова військова служба,,,12 місяців,5158377674,Паспорт громадянина України (книжечка),ЩН,214764,1979-07-13,місто Суми,2025-07-28,Приморський РТЦК та СП м. Одеси,вища,"дружина/чоловік — Олена, діти — 2",проходить строкову медичну комісію,+380 92 661-08-57
UNIT-0221,рядовий,Іваничук,Омелян,Ростиславович,Іваничук Омелян Ростиславович,чоловіча,02-063,стрілець,2-га механізована рота,2025-08-06,запас (повторний призов),2023-06-29,2023-06-29,№824,2025-08-10,начальник штабу батальйону,№419,2025-09-16,начальник штабу батальйону,№110,військова служба за мобілізацією,,,на весь період мобілізації,4386490810,Паспорт громадянина України (ID-картка),,814761742,1979-04-17,хутір Красногорівка,2023-06-20,Личаківський РТЦК та СП м. Львова,професійно-технічна,"дружина/чоловік — Варвара, діти — 2",,+380 94 549 18 01
UNIT-0222,рядовий,Швачко,Валерій,Трохимович,Швачко Валерій Трохимович,чоловіча,02-064,санітар-інструктор,2-га механізована рота,2025-05-27,переведення з іншої військової частини,2023-09-25,2023-09-26,№496,2025-05-30,начальник штабу батальйону,№315,2023-11-22,начальник штабу батальйону,№793,військова служба за контрактом,2023-09-13,2028-09-13,,9452321941,Паспорт громадянина України (книжечка),МТ,164597,2001-03-19,місто Алупка,2023-09-13,Приморський РТЦК та СП м. Одеси,вища,"дружина/чоловік — Ігор, діти — 3",,027 76 97
UNIT-0223,старший лейтенант,Непорожній,Олекса,Юстимович,Непорожній Олекса Юстимович,чоловіча,01-062,командир взводу,1-ша механізована рота,2026-01-23,запас (повторний призов),2025-03-23,2025-03-26,№54,2026-01-25,командир бригади,№399,2025-11-10,командир батальйону,№824,військова служба за контрактом,2025-03-20,2030-03-20,,7236831472,Паспорт громадянина України (ID-картка),,122031030,1984-10-31,хутір Арциз,2025-03-20,Шевченківський РТЦК та СП м. Києва,вища,дружина/чоловік — Богдан,,027 770 79 33
UNIT-0224,рядовий,Михайличенко,Миколай,Яковович,Михайличенко Миколай Яковович,чоловіча,03-077,стрілець,3-тя механізована рота,2025-08-14,Навчальний центр «Десна»,2025-07-06,2025-07-09,№656,2025-08-17,командувач Сухопутних військ ЗСУ,№450,2026-03-11,командир батальйону,№207,військова служба за контрактом,2025-06-25,2030-06-25,,0767899730,Паспорт громадянина України (книжечка),ФБ,016679,1990-05-20,хутір Охтирка,2025-06-25,Київський РТЦК та СП Полтавської області,професійно-технічна,неодружений(а),,+380 81 467-17-95
UNIT-0225,рядовий,Черненко,Павло,Костянтинович,Черненко Павло Костянтинович,чоловіча,02-065,навідник,2-га механізована рота,2023-01-14,121 окрема бригада ТрО,2022-05-09,2022-05-09,№799,2023-01-16,командувач Сухопутних військ ЗСУ,№362,2024-10-09,командувач Сухопутних військ ЗСУ,№416,військова служба за мобілізацією,,,на весь період мобілізації,9597246657,Паспорт громадянина України (книжечка),ЕВ,375738,1985-07-18,село Залізне,2022-04-29,Київський РТЦК та СП Полтавської області,повна загальна середня,неодружений(а),має посвідчення водія категорії C,722 32 97
UNIT-0226,старший солдат,Вітрук,Оксенія,Кирилівна,Вітрук Оксенія Кирилівна,жіноча,01-063,снайпер,1-ша механізована рота,2025-04-08,Навчальний центр Сухопутних військ,2024-10-08,2024-10-10,№953,2025-04-10,командувач Сухопутних військ ЗСУ,№589,2025-03-05,командир батальйону,№268,базова військова служба,,,12 місяців,2801561931,Паспорт громадянина України (книжечка),ФЖ,800545,1981-05-22,хутір Дунаївці,2024-09-24,Личаківський РТЦК та СП м. Львова,професійно-технічна,неодружений(а),,+380 50 842-89-10
UNIT-0227,старший лейтенант,Цушко,Соломон,Леопольдович,Цушко Соломон Леопольдович,чоловіча,02-066,командир батальйону,2-га механізована рота,2023-07-21,Навчальний центр «Десна»,2023-02-07,2023-02-09,№776,2023-07-26,начальник штабу батальйону,№985,2026-06-01,командувач Сухопутних військ ЗСУ,№698,військова служба за мобілізацією,,,на весь період мобілізації,2135247871,Паспорт громадянина України (книжечка),РЩ,991808,1977-10-08,селище Іршава,2023-02-03,Приморський РТЦК та СП м. Одеси,вища,"дружина/чоловік — Володимира, діти — 1",,376 03 75
UNIT-0228,підполковник,Малишко,Леопольд,Валентинович,Малишко Леопольд Валентинович,чоловіча,03-078,командир роти,3-тя механізована рота,2024-01-14,121 окрема бригада ТрО,2022-11-27,2022-11-29,№255,2024-01-17,начальник штабу батальйону,№96,2024-06-15,командувач Сухопутних військ ЗСУ,№690,базова військова служба,,,12 місяців,2666785072,Паспорт громадянина України (книжечка),АЧ,653286,1986-02-14,місто Бобровиця,2022-11-15,Соборний РТЦК та СП м. Дніпра,повна загальна середня,"дружина/чоловік — Надія, діти — 1",,+380 62 606-02-90
UNIT-0229,рядовий,Михайлюк,Євген,Єлисейович,Михайлюк Євген Єлисейович,чоловіча,02-067,водій,2-га механізована рота,2026-04-16,Навчальний центр «Десна»,2024-10-03,2024-10-04,№857,2026-04-17,начальник штабу батальйону,№160,2026-04-25,командир батальйону,№123,військова служба за контрактом,2024-09-26,2027-09-26,,6738997563,Паспорт громадянина України (книжечка),ЖЯ,550489,1980-08-03,місто Бахмач,2024-09-26,Шевченківський РТЦК та СП м. Києва,базова вища,"дружина/чоловік — Максим, діти — 2",має досвід роботи з БПЛА,+380 62 884-31-88
UNIT-0230,рядовий,Олійник,Кирило,Захарович,Олійник Кирило Захарович,чоловіча,01-064,зв'язківець,1-ша механізована рота,2023-08-18,переведення з іншої військової частини,2023-07-13,2023-07-15,№287,2023-08-21,командувач Сухопутних військ ЗСУ,№228,2023-08-18,командир бригади,№56,військова служба за мобілізацією,,,на весь період мобілізації,4851017490,Паспорт громадянина України (ID-картка),,894346810,1995-12-23,селище Добропілля,2023-07-06,Київський РТЦК та СП Полтавської області,вища,"дружина/чоловік — Спас, діти — 2",,054 492-68-31
UNIT-0231,старший сержант,Панчук,Кирило,Олесьович,Панчук Кирило Олесьович,чоловіча,02-068,заступник командира взводу,2-га механізована рота,2025-04-29,Навчальний центр Сухопутних військ,2023-10-16,2023-10-19,№595,2025-05-01,командир батальйону,№334,2025-09-19,начальник штабу батальйону,№628,військова служба за контрактом,2023-10-15,2024-10-15,,3715869886,Паспорт громадянина України (ID-картка),,126611062,2003-01-02,хутір Прип'ять,2023-10-15,Соборний РТЦК та СП м. Дніпра,повна загальна середня,неодружений(а),,+380 (77) 622-82-77
UNIT-0232,рядовий,Гузь,Ярослава,Яремівна,Гузь Ярослава Яремівна,жіноча,01-065,навідник,1-ша механізована рота,2026-02-14,121 окрема бригада ТрО,2023-03-04,2023-03-07,№875,2026-02-15,командувач Сухопутних військ ЗСУ,№287,2024-01-21,командувач Сухопутних військ ЗСУ,№185,військова служба за мобілізацією,,,на весь період мобілізації,1594082154,Паспорт громадянина України (ID-картка),,770285196,1978-02-07,селище Звенигородка,2023-02-25,Київський РТЦК та СП Полтавської області,повна загальна середня,дружина/чоловік — Юстина,має посвідчення водія категорії C,229-60-44
UNIT-0233,молодший сержант,Затовканюк,Варфоломій,Юстимович,Затовканюк Варфоломій Юстимович,чоловіча,01-066,заступник командира взводу,1-ша механізована рота,2026-04-25,Навчальний центр «Десна»,2026-04-25,2026-04-26,№432,2026-04-30,командувач Сухопутних військ ЗСУ,№138,2026-05-15,начальник штабу батальйону,№805,військова служба за мобілізацією,,,на весь період мобілізації,5679228777,Паспорт громадянина України (ID-картка),,851067949,2001-05-18,селище Богуслав,2026-04-22,Приморський РТЦК та СП м. Одеси,професійно-технічна,"дружина/чоловік — Соломон, діти — 1",,+380 (63) 658-07-41
UNIT-0234,рядовий,Деркач,Панас,Адамович,Деркач Панас Адамович,чоловіча,01-067,сапер,1-ша механізована рота,2025-12-26,121 окрема бригада ТрО,2024-10-17,2024-10-17,№353,2025-12-29,командир батальйону,№422,2026-02-23,командир батальйону,№360,військова служба за контрактом,2024-10-10,2027-10-10,,9837801820,Паспорт громадянина України (книжечка),ТТ,181398,1974-03-12,село Донецьк,2024-10-10,Київський РТЦК та СП Полтавської області,повна загальна середня,дружина/чоловік — Стефан,має досвід роботи з БПЛА,+380 18 956 90 70
UNIT-0235,рядовий,Приходько,Єфрем,Варфоломійович,Приходько Єфрем Варфоломійович,чоловіча,01-068,снайпер,1-ша механізована рота,2025-09-21,Навчальний центр «Десна»,2025-09-12,2025-09-15,№656,2025-09-21,начальник штабу батальйону,№432,2026-03-29,командувач Сухопутних військ ЗСУ,№870,військова служба за мобілізацією,,,на весь період мобілізації,4224124620,Паспорт громадянина України (книжечка),ХД,564111,1982-01-14,село Балта,2025-09-05,Шевченківський РТЦК та СП м. Києва,повна загальна середня,"дружина/чоловік — Анжела, діти — 3",,+380 61 526-54-61
UNIT-0236,молодший сержант,Бакуменко,Венедикт,Володимирович,Бакуменко Венедикт Володимирович,чоловіча,01-069,заступник командира взводу,1-ша механізована рота,2026-04-17,Навчальний центр Сухопутних військ,2024-03-13,2024-03-16,№172,2026-04-19,командир бригади,№875,2026-04-28,командир батальйону,№129,військова служба за контрактом,2024-02-28,2029-02-28,,7063048913,Паспорт громадянина України (ID-картка),,861405786,1975-01-18,селище Олександрія,2024-02-28,Личаківський РТЦК та СП м. Львова,базова вища,дружина/чоловік — Едуард,,+380 18 325 82 38
UNIT-0237,рядовий,Фурс,Юстим,Олегович,Фурс Юстим Олегович,чоловіча,03-079,оператор БПЛА,3-тя механізована рота,2026-01-21,новобранець (мобілізація),2026-01-05,2026-01-05,№107,2026-01-21,начальник штабу батальйону,№633,2025-12-28,командир бригади,№87,військова служба за контрактом,2025-12-28,2030-12-28,,6539840289,Паспорт громадянина України (ID-картка),,794200749,1987-09-01,селище Богуслав,2025-12-28,Приморський РТЦК та СП м. Одеси,професійно-технічна,неодружений(а),,+380 (12) 846-39-85
UNIT-0238,рядовий,Проценко,Олесь,Геннадійович,Проценко Олесь Геннадійович,чоловіча,02-069,навідник,2-га механізована рота,2026-04-16,Навчальний центр Сухопутних військ,2025-12-31,2025-12-31,№479,2026-04-21,начальник штабу батальйону,№562,2026-04-05,командувач Сухопутних військ ЗСУ,№139,військова служба за мобілізацією,,,на весь період мобілізації,0026876811,Паспорт громадянина України (ID-картка),,553795020,2003-01-09,хутір Рудки,2025-12-31,Київський РТЦК та СП Полтавської області,повна загальна середня,"дружина/чоловік — Богодар, діти — 3",проходить строкову медичну комісію,+380 69 562-01-75
UNIT-0239,молодший сержант,Єсипенко,Йосип,Августинович,Єсипенко Йосип Августинович,чоловіча,02-070,старшина роти,2-га механізована рота,2024-02-16,Навчальний центр Сухопутних військ,2024-01-17,2024-01-19,№316,2024-02-19,начальник штабу батальйону,№423,2025-03-24,начальник штабу батальйону,№160,військова служба за мобілізацією,,,на весь період мобілізації,4793036149,Паспорт громадянина України (ID-картка),,531943375,1973-02-05,село Новоукраїнка,2024-01-13,Соборний РТЦК та СП м. Дніпра,повна загальна середня,дружина/чоловік — Василь,,019 212 49 38
UNIT-0240,рядовий,Лисенко,Василь,Ярославович,Лисенко Василь Ярославович,чоловіча,04-011,оператор БПЛА,Взвод забезпечення,2026-07-02,Навчальний центр «Десна»,2022-05-18,2022-05-21,№816,2026-07-04,командир батальйону,№562,2025-04-16,начальник штабу батальйону,№194,військова служба за мобілізацією,,,на весь період мобілізації,0566418775,Паспорт громадянина України (книжечка),КФ,894870,1999-08-29,село Бердянськ,2022-05-06,Приморський РТЦК та СП м. Одеси,вища,"дружина/чоловік — Любов, діти — 3",має посвідчення водія категорії C,+380 (87) 506-35-19
UNIT-0241,рядовий,Артеменко,Прохір,Віталійович,Артеменко Прохір Віталійович,чоловіча,01-070,сапер,1-ша механізована рота,2025-10-31,переведення з іншої військової частини,2025-10-03,2025-10-06,№827,2025-11-05,начальник штабу батальйону,№292,2026-01-07,начальник штабу батальйону,№423,військова служба за мобілізацією,,,на весь період мобілізації,9543173505,Паспорт громадянина України (ID-картка),,325411076,1972-03-25,місто Тетіїв,2025-10-02,Личаківський РТЦК та СП м. Львова,вища,неодружений(а),,+380 17 911 00 65
UNIT-0242,молодший сержант,Башполченко,Сергій,Богуславович,Башполченко Сергій Богуславович,чоловіча,01-071,заступник командира взводу,1-ша механізована рота,2026-02-12,Навчальний центр «Десна»,2022-09-15,2022-09-18,№996,2026-02-13,командир батальйону,№289,2024-07-21,начальник штабу батальйону,№129,військова служба за мобілізацією,,,на весь період мобілізації,8046619639,Паспорт громадянина України (книжечка),ТА,049611,1974-05-23,хутір Козятин,2022-09-04,Приморський РТЦК та СП м. Одеси,вища,неодружений(а),,+380 69 915 07 85
UNIT-0243,рядовий,Єсипенко,Орхип,Орхипович,Єсипенко Орхип Орхипович,чоловіча,03-080,сапер,3-тя механізована рота,2022-11-10,121 окрема бригада ТрО,2022-04-15,2022-04-18,№83,2022-11-12,командир бригади,№58,2023-11-25,начальник штабу батальйону,№795,військова служба за мобілізацією,,,на весь період мобілізації,3200249685,Паспорт громадянина України (ID-картка),,928456797,1983-04-01,село Виноградів,2022-04-03,Приморський РТЦК та СП м. Одеси,повна загальна середня,"дружина/чоловік — Тереза, діти — 1",проходить строкову медичну комісію,+380 95 450-89-20
UNIT-0244,рядовий,Кабаненко,Леопольд,Юстимович,Кабаненко Леопольд Юстимович,чоловіча,01-072,водій,1-ша механізована рота,2024-06-03,новобранець (мобілізація),2022-08-18,2022-08-21,№534,2024-06-04,командир бригади,№485,2024-01-28,командувач Сухопутних військ ЗСУ,№698,військова служба за контрактом,2022-08-12,2023-08-12,,7959959465,Паспорт громадянина України (книжечка),ШЩ,333153,2002-12-20,місто Лутугине,2022-08-12,Соборний РТЦК та СП м. Дніпра,вища,неодружений(а),має посвідчення водія категорії C,730-33-79
UNIT-0245,старший солдат,Засуха,Володимир,Макарович,Засуха Володимир Макарович,чоловіча,03-081,кулеметник,3-тя механізована рота,2026-07-20,Навчальний центр «Десна»,2024-12-23,2024-12-26,№997,2026-07-25,командир батальйону,№242,2025-10-06,командувач Сухопутних військ ЗСУ,№333,військова служба за мобілізацією,,,на весь період мобілізації,5081247395,Паспорт громадянина України (книжечка),БЦ,362050,1975-08-12,місто Гнівань,2024-12-19,Шевченківський РТЦК та СП м. Києва,повна загальна середня,неодружений(а),,042 342-58-32
UNIT-0246,рядовий,Жадан,Аврелій,Валерійович,Жадан Аврелій Валерійович,чоловіча,01-073,стрілець,1-ша механізована рота,2024-10-30,Навчальний центр «Десна»,2024-05-26,2024-05-29,№162,2024-11-04,командувач Сухопутних військ ЗСУ,№94,2024-06-18,начальник штабу батальйону,№954,військова служба за контрактом,2024-05-17,2027-05-17,,2896112233,Паспорт громадянина України (ID-картка),,261534735,1995-12-07,селище Івано-Франківськ,2024-05-17,Шевченківський РТЦК та СП м. Києва,повна загальна середня,дружина/чоловік — Назар,,+380 (30) 993-84-25
UNIT-0247,майор,Кибкало,Альберт,Петрович,Кибкало Альберт Петрович,чоловіча,01-074,начальник штабу батальйону,1-ша механізована рота,2026-06-02,121 окрема бригада ТрО,2024-07-25,2024-07-28,№742,2026-06-07,командир бригади,№257,2024-10-19,командир батальйону,№497,військова служба за мобілізацією,,,на весь період мобілізації,6857872558,Паспорт громадянина України (ID-картка),,897317912,2005-03-16,хутір Маріуполь,2024-07-13,Приморський РТЦК та СП м. Одеси,базова вища,"дружина/чоловік — Людмила, діти — 2",,+380 (90) 333-73-63
UNIT-0248,сержант,Ніколюк,Єлисей,Ігорович,Ніколюк Єлисей Ігорович,чоловіча,03-082,заступник командира взводу,3-тя механізована рота,2025-02-10,переведення з іншої військової частини,2023-07-10,2023-07-11,№376,2025-02-10,командувач Сухопутних військ ЗСУ,№1,2024-07-26,командувач Сухопутних військ ЗСУ,№752,військова служба за мобілізацією,,,на весь період мобілізації,5390789567,Паспорт громадянина України (книжечка),ЯИ,812147,2005-11-25,хутір Краматорськ,2023-06-27,Личаківський РТЦК та СП м. Львова,вища,"дружина/чоловік — Святослава, діти — 2",,+380 54 602 73 41
UNIT-0249,сержант,Рябошапка,Хома,Аркадійович,Рябошапка Хома Аркадійович,чоловіча,01-075,старшина роти,1-ша механізована рота,2026-06-25,переведення з іншої військової частини,2024-09-09,2024-09-12,№290,2026-06-26,начальник штабу батальйону,№420,2025-09-20,начальник штабу батальйону,№114,військова служба за мобілізацією,,,на весь період мобілізації,1508353544,Паспорт громадянина України (книжечка),ТД,881431,1978-08-31,село Скадовськ,2024-08-27,Шевченківський РТЦК та СП м. Києва,професійно-технічна,неодружений(а),проходить строкову медичну комісію,084 044 56 69
UNIT-0250,старшина,Алексеєнко,Лесь,Пантелеймонович,Алексеєнко Лесь Пантелеймонович,чоловіча,02-071,командир відділення,2-га механізована рота,2026-07-13,Навчальний центр Сухопутних військ,2026-07-06,2026-07-09,№674,2026-07-14,командувач Сухопутних військ ЗСУ,№539,2026-07-24,начальник штабу батальйону,№51,військова служба за мобілізацією,,,на весь період мобілізації,5153663778,Паспорт громадянина України (ID-картка),,333738987,2001-12-29,селище Верхньодніпровськ,2026-07-05,Соборний РТЦК та СП м. Дніпра,повна загальна середня,дружина/чоловік — Віра,,+380 07 553-66-68
UNIT-0251,старшина,Москаль,Михайлина,Олегівна,Москаль Михайлина Олегівна,жіноча,00-012,заступник командира взводу,Управління батальйону,2024-10-16,запас (повторний призов),2022-05-19,2022-05-19,№60,2024-10-18,начальник штабу батальйону,№542,2025-09-08,командир батальйону,№752,військова служба за контрактом,2022-05-07,2025-05-07,,3618637159,Паспорт громадянина України (ID-картка),,022599996,1996-07-17,селище Болград,2022-05-07,Шевченківський РТЦК та СП м. Києва,вища,неодружений(а),,018 209 70 23
UNIT-0252,рядовий,Бевзенко,Юстим,Едуардович,Бевзенко Юстим Едуардович,чоловіча,01-076,водій,1-ша механізована рота,2025-01-07,переведення з іншої військової частини,2024-08-01,2024-08-04,№641,2025-01-08,командир бригади,№572,2025-01-21,командувач Сухопутних військ ЗСУ,№765,військова служба за мобілізацією,,,на весь період мобілізації,6621286716,Паспорт громадянина України (ID-картка),,481705802,1992-10-30,село Шаргород,2024-07-24,Шевченківський РТЦК та СП м. Києва,вища,"дружина/чоловік — Веніямин, діти — 3",,+380 67 299-49-38
UNIT-0253,рядовий,Шаповал,Герман,Венедиктович,Шаповал Герман Венедиктович,чоловіча,02-072,навідник,2-га механізована рота,2023-06-13,121 окрема бригада ТрО,2022-03-27,2022-03-30,№925,2023-06-17,начальник штабу батальйону,№564,2026-01-01,начальник штабу батальйону,№866,військова служба за мобілізацією,,,на весь період мобілізації,7790147546,Паспорт громадянина України (книжечка),ФП,169385,2004-01-02,хутір Хутір-Михайлівський,2022-03-19,Соборний РТЦК та СП м. Дніпра,професійно-технічна,"дружина/чоловік — Валерій, діти — 1",,+380 (76) 291-60-32
UNIT-0254,рядовий,Лисенко,Федір,Петрович,Лисенко Федір Петрович,чоловіча,03-083,снайпер,3-тя механізована рота,2026-01-31,запас (повторний призов),2024-09-01,2024-09-03,№36,2026-02-02,начальник штабу батальйону,№611,2026-07-30,командир батальйону,№531,базова військова служба,,,12 місяців,1185672438,Паспорт громадянина України (книжечка),НА,137681,1995-09-08,хутір Балта,2024-08-18,Личаківський РТЦК та СП м. Львова,вища,дружина/чоловік — Богуслава,,+380 65 636 00 41
UNIT-0255,старший сержант,Ґерета,Дан,Прохорович,Ґерета Дан Прохорович,чоловіча,02-073,старшина роти,2-га механізована рота,2026-05-23,переведення з іншої військової частини,2026-02-18,2026-02-20,№159,2026-05-27,командир батальйону,№39,2026-05-05,командувач Сухопутних військ ЗСУ,№365,військова служба за мобілізацією,,,на весь період мобілізації,0912418621,Паспорт громадянина України (ID-картка),,118372742,1982-03-16,селище Вільногірськ,2026-02-05,Личаківський РТЦК та СП м. Львова,повна загальна середня,дружина/чоловік — Йосип,,+380 23 083-70-81
UNIT-0256,молодший сержант,Таран,Петро,Давидович,Таран Петро Давидович,чоловіча,02-074,старшина роти,2-га механізована рота,2026-01-07,Навчальний центр Сухопутних військ,2025-12-18,2025-12-19,№846,2026-01-12,командир батальйону,№610,2026-07-24,начальник штабу батальйону,№39,військова служба за мобілізацією,,,на весь період мобілізації,3106005313,Паспорт громадянина України (книжечка),РЕ,006335,1986-10-29,село Сніжне,2025-12-04,Київський РТЦК та СП Полтавської області,професійно-технічна,"дружина/чоловік — Валентин, діти — 1",,681-55-83
UNIT-0257,старший солдат,Заїка,Ярема,Назарович,Заїка Ярема Назарович,чоловіча,02-075,кулеметник,2-га механізована рота,2026-07-17,запас (повторний призов),2025-07-18,2025-07-19,№797,2026-07-22,командувач Сухопутних військ ЗСУ,№56,2026-06-02,начальник штабу батальйону,№537,військова служба за контрактом,2025-07-05,2030-07-05,,0637314950,Паспорт громадянина України (ID-картка),,133155206,1992-02-12,село Красилів,2025-07-05,Шевченківський РТЦК та СП м. Києва,професійно-технічна,"дружина/чоловік — Марта, діти — 3",,+380 18 924 19 56
UNIT-0258,сержант,Гуцуляк,Демид,Валерійович,Гуцуляк Демид Валерійович,чоловіча,01-077,заступник командира взводу,1-ша механізована рота,2026-04-15,Навчальний центр «Десна»,2024-11-14,2024-11-14,№136,2026-04-16,начальник штабу батальйону,№85,2025-11-16,командувач Сухопутних військ ЗСУ,№586,військова служба за мобілізацією,,,на весь період мобілізації,9030914363,Паспорт громадянина України (ID-картка),,150997683,2004-11-07,місто Верхівцеве,2024-11-07,Шевченківський РТЦК та СП м. Києва,професійно-технічна,неодружений(а),,+380 74 326-30-39
UNIT-0259,сержант,Чарниш,Прохір,Дмитрович,Чарниш Прохір Дмитрович,чоловіча,02-076,командир відділення,2-га механізована рота,2024-06-29,переведення з іншої військової частини,2023-04-24,2023-04-25,№631,2024-07-02,командир бригади,№249,2024-08-22,командир батальйону,№273,військова служба за мобілізацією,,,на весь період мобілізації,8033968527,Паспорт громадянина України (ID-картка),,086403553,1984-08-07,місто Шаргород,2023-04-17,Приморський РТЦК та СП м. Одеси,професійно-технічна,"дружина/чоловік — Юстина, діти — 3",,302 32 12
UNIT-0260,рядовий,Забашта,Володимир,Микитович,Забашта Володимир Микитович,чоловіча,01-078,зв'язківець,1-ша механізована рота,2024-08-25,Навчальний центр Сухопутних військ,2022-11-02,2022-11-02,№639,2024-08-27,командир бригади,№452,2025-11-23,командир батальйону,№947,військова служба за мобілізацією,,,на весь період мобілізації,9344973471,Паспорт громадянина України (книжечка),ЯЮ,742336,1982-08-08,хутір Кобеляки,2022-10-24,Личаківський РТЦК та СП м. Львова,повна загальна середня,дружина/чоловік — Валентин,,+380 76 896 27 06
UNIT-0261,старший лейтенант,Хомик,Тимофій,Аркадійович,Хомик Тимофій Аркадійович,чоловіча,03-084,командир роти,3-тя механізована рота,2026-01-01,121 окрема бригада ТрО,2024-09-26,2024-09-28,№461,2026-01-01,командувач Сухопутних військ ЗСУ,№24,2025-11-04,начальник штабу батальйону,№215,військова служба за мобілізацією,,,на весь період мобілізації,8971527323,Паспорт громадянина України (ID-картка),,282467474,1996-02-15,місто Чорноморськ,2024-09-13,Київський РТЦК та СП Полтавської області,повна загальна середня,"дружина/чоловік — Леопольд, діти — 2",,+380 76 665-67-49
UNIT-0262,рядовий,Безбородько,Едуард,Азарович,Безбородько Едуард Азарович,чоловіча,01-079,стрілець,1-ша механізована рота,2024-11-09,переведення з іншої військової частини,2023-03-23,2023-03-23,№278,2024-11-11,командир батальйону,№477,2025-08-11,командир батальйону,№69,військова служба за мобілізацією,,,на весь період мобілізації,5066337050,Паспорт громадянина України (книжечка),ЮЧ,236458,2003-11-05,селище Південне,2023-03-17,Приморський РТЦК та СП м. Одеси,базова вища,"дружина/чоловік — Костянтин, діти — 1",проходить строкову медичну комісію,043 992 01 16
UNIT-0263,старшина,Тесля,Панас,Омелянович,Тесля Панас Омелянович,чоловіча,02-077,старшина роти,2-га механізована рота,2025-01-19,121 окрема бригада ТрО,2022-11-06,2022-11-07,№497,2025-01-22,командир батальйону,№191,2023-08-20,командир бригади,№513,військова служба за мобілізацією,,,на весь період мобілізації,6119524364,Паспорт громадянина України (ID-картка),,626448869,1991-07-21,село Феодосія,2022-10-31,Приморський РТЦК та СП м. Одеси,базова вища,"дружина/чоловік — Юстина, діти — 2",,116-86-46
UNIT-0264,сержант,Дрозд,Валерій,Ігнатович,Дрозд Валерій Ігнатович,чоловіча,02-078,командир відділення,2-га механізована рота,2024-04-26,переведення з іншої військової частини,2023-10-01,2023-10-03,№283,2024-04-28,командир батальйону,№641,2024-07-29,начальник штабу батальйону,№900,військова служба за контрактом,2023-09-26,2024-09-26,,2346791214,Паспорт громадянина України (ID-картка),,728179323,1974-08-11,хутір Валки,2023-09-26,Приморський РТЦК та СП м. Одеси,вища,"дружина/чоловік — Любов, діти — 2",володіє англійською мовою (розмовний рівень),509 37 71
UNIT-0265,рядовий,Акименко,Амвросій,Георгійович,Акименко Амвросій Георгійович,чоловіча,02-079,санітар-інструктор,2-га механізована рота,2022-08-05,переведення з іншої військової частини,2022-03-28,2022-03-29,№894,2022-08-05,командир бригади,№428,2023-01-12,командир бригади,№587,військова служба за контрактом,2022-03-18,2027-03-18,,9655553566,Паспорт громадянина України (ID-картка),,380698477,1993-07-12,селище Шепетівка,2022-03-18,Личаківський РТЦК та СП м. Львова,професійно-технічна,"дружина/чоловік — Демид, діти — 1",,076 20 91
UNIT-0266,рядовий,Луценко,Павло,Стефанович,Луценко Павло Стефанович,чоловіча,01-080,снайпер,1-ша механізована рота,2025-11-09,переведення з іншої військової частини,2024-04-16,2024-04-17,№932,2025-11-10,командир бригади,№441,2026-03-09,командир бригади,№672,військова служба за мобілізацією,,,на весь період мобілізації,5739769156,Паспорт громадянина України (ID-картка),,978630505,1973-09-16,місто Соледар,2024-04-06,Київський РТЦК та СП Полтавської області,вища,"дружина/чоловік — Ігнат, діти — 3",,+380 93 289-80-27
UNIT-0267,старшина,Величко,Гліб,Яковович,Величко Гліб Яковович,чоловіча,02-080,старшина роти,2-га механізована рота,2026-03-17,запас (повторний призов),2026-02-13,2026-02-15,№956,2026-03-20,начальник штабу батальйону,№156,2026-05-10,командир бригади,№110,базова військова служба,,,12 місяців,1160256434,Паспорт громадянина України (книжечка),ШЯ,178333,1982-03-12,місто Рожище,2026-02-13,Личаківський РТЦК та СП м. Львова,повна загальна середня,"дружина/чоловік — Болеслав, діти — 1",,+380 15 399 15 66
UNIT-0268,молодший сержант,Цісик,Спас,Владиславович,Цісик Спас Владиславович,чоловіча,04-012,командир відділення,Взвод забезпечення,2025-03-06,Навчальний центр «Десна»,2024-01-29,2024-01-29,№515,2025-03-08,командувач Сухопутних військ ЗСУ,№730,2024-07-16,начальник штабу батальйону,№189,військова служба за мобілізацією,,,на весь період мобілізації,2569040983,Паспорт громадянина України (ID-картка),,411159319,1995-08-15,хутір Ізмаїл,2024-01-19,Приморський РТЦК та СП м. Одеси,професійно-технічна,неодружений(а),,+380 28 993-16-08
UNIT-0269,старший сержант,Швайка,Давид,Борисович,Швайка Давид Борисович,чоловіча,04-013,командир відділення,Взвод забезпечення,2026-06-29,Навчальний центр «Десна»,2024-09-17,2024-09-19,№776,2026-07-02,командир бригади,№68,2025-02-20,командир бригади,№950,військова служба за мобілізацією,,,на весь період мобілізації,8149737460,Паспорт громадянина України (ID-картка),,772942095,1991-08-13,село Хмільник,2024-09-03,Приморський РТЦК та СП м. Одеси,вища,"дружина/чоловік — Ірина, діти — 1",володіє англійською мовою (розмовний рівень),002 764-20-86
UNIT-0270,старший сержант,Приймак,Єлисей,Романович,Приймак Єлисей Романович,чоловіча,02-081,старшина роти,2-га механізована рота,2026-05-22,запас (повторний призов),2026-03-16,2026-03-19,№586,2026-05-27,командир батальйону,№534,2026-07-30,командир батальйону,№463,військова служба за мобілізацією,,,на весь період мобілізації,2590472927,Паспорт громадянина України (ID-картка),,661844386,1977-03-20,селище Яремче,2026-03-05,Приморський РТЦК та СП м. Одеси,вища,неодружений(а),має досвід роботи з БПЛА,033 305 91 26
UNIT-0271,рядовий,Хомик,Остап,Яремович,Хомик Остап Яремович,чоловіча,02-082,стрілець,2-га механізована рота,2023-11-03,121 окрема бригада ТрО,2023-08-08,2023-08-11,№793,2023-11-07,начальник штабу батальйону,№473,2023-12-27,командир бригади,№433,військова служба за контрактом,2023-07-31,2024-07-31,,9626301367,Паспорт громадянина України (книжечка),ПН,572018,1993-08-18,село Решетилівка,2023-07-31,Соборний РТЦК та СП м. Дніпра,базова вища,неодружений(а),,+380 (17) 647-50-11
UNIT-0272,старший сержант,Ващенко,Богодар,Максимович,Ващенко Богодар Максимович,чоловіча,01-081,заступник командира взводу,1-ша механізована рота,2026-07-07,121 окрема бригада ТрО,2026-06-27,2026-06-27,№462,2026-07-08,командир батальйону,№184,2026-06-27,командувач Сухопутних військ ЗСУ,№605,військова служба за контрактом,2026-06-26,2031-06-26,,6764921518,Паспорт громадянина України (книжечка),НО,999741,1982-12-02,хутір Федорівка,2026-06-26,Личаківський РТЦК та СП м. Львова,вища,неодружений(а),,688-87-18
UNIT-0273,сержант,Гречаник,Ростислав,Стефанович,Гречаник Ростислав Стефанович,чоловіча,03-085,командир відділення,3-тя механізована рота,2024-06-10,переведення з іншої військової частини,2023-12-11,2023-12-11,№725,2024-06-10,командувач Сухопутних військ ЗСУ,№745,2024-09-05,командир бригади,№388,військова служба за мобілізацією,,,на весь період мобілізації,0293218401,Паспорт громадянина України (книжечка),МВ,920875,1978-12-20,селище Каховка,2023-11-30,Київський РТЦК та СП Полтавської області,професійно-технічна,"дружина/чоловік — Марко, діти — 2",проходить строкову медичну комісію,060 340 84 87
UNIT-0274,рядовий,Давимука,Мирон,Максимович,Давимука Мирон Максимович,чоловіча,02-083,навідник,2-га механізована рота,2025-12-04,Навчальний центр Сухопутних військ,2024-10-25,2024-10-25,№296,2025-12-07,командир бригади,№121,2025-07-23,командир бригади,№984,військова служба за мобілізацією,,,на весь період мобілізації,4329839542,Паспорт громадянина України (ID-картка),,988310303,1980-03-27,місто Новоселиця,2024-10-23,Личаківський РТЦК та СП м. Львова,повна загальна середня,"дружина/чоловік — Ліза, діти — 1",проходить строкову медичну комісію,+380 62 671-46-28
UNIT-0275,рядовий,Забара,Антон,Петрович,Забара Антон Петрович,чоловіча,04-014,оператор БПЛА,Взвод забезпечення,2025-04-07,переведення з іншої військової частини,2024-06-12,2024-06-13,№7,2025-04-11,командир бригади,№904,2026-01-08,начальник штабу батальйону,№635,військова служба за контрактом,2024-06-09,2027-06-09,,6609314181,Паспорт громадянина України (книжечка),ВФ,989262,1992-02-15,місто Інкерман,2024-06-09,Київський РТЦК та СП Полтавської області,вища,неодружений(а),,554 23 40
UNIT-0276,рядовий,Вишняк,Іван,Віталійович,Вишняк Іван Віталійович,чоловіча,01-082,навідник,1-ша механізована рота,2025-08-17,новобранець (мобілізація),2025-05-28,2025-05-28,№427,2025-08-22,командир бригади,№166,2025-08-18,начальник штабу батальйону,№626,військова служба за контрактом,2025-05-15,2030-05-15,,5948491025,Паспорт громадянина України (книжечка),ВБ,284971,2006-08-04,село Калуш,2025-05-15,Київський РТЦК та СП Полтавської області,базова вища,"дружина/чоловік — Спас, діти — 3",,+380 (79) 240-82-22
UNIT-0277,рядовий,Скирда,Людмила,Альбертівна,Скирда Людмила Альбертівна,жіноча,00-013,сапер,Управління батальйону,2025-11-03,новобранець (мобілізація),2025-04-24,2025-04-26,№300,2025-11-06,командувач Сухопутних військ ЗСУ,№138,2026-03-09,командир батальйону,№712,військова служба за контрактом,2025-04-19,2028-04-19,,3414651113,Паспорт громадянина України (ID-картка),,727578446,2006-01-08,село Острог,2025-04-19,Соборний РТЦК та СП м. Дніпра,професійно-технічна,дружина/чоловік — Анжела,,487 06 82
UNIT-0278,сержант,Щорс,Леонтій,Миколайович,Щорс Леонтій Миколайович,чоловіча,02-084,старшина роти,2-га механізована рота,2024-12-14,запас (повторний призов),2023-03-26,2023-03-26,№295,2024-12-17,командувач Сухопутних військ ЗСУ,№624,2023-04-08,начальник штабу батальйону,№266,військова служба за контрактом,2023-03-18,2028-03-18,,9728321528,Паспорт громадянина України (ID-картка),,930685389,1973-06-23,місто Кремінна,2023-03-18,Київський РТЦК та СП Полтавської області,базова вища,"дружина/чоловік — Леонтій, діти — 2",,+380 (25) 153-81-44
UNIT-0279,молодший сержант,Юрчук,Григорій,Геннадійович,Юрчук Григорій Геннадійович,чоловіча,03-086,заступник командира взводу,3-тя механізована рота,2024-01-01,новобранець (мобілізація),2023-12-29,2023-12-30,№25,2024-01-05,командувач Сухопутних військ ЗСУ,№641,2026-05-18,командир батальйону,№756,військова служба за мобілізацією,,,на весь період мобілізації,0509754510,Паспорт громадянина України (книжечка),ЖА,634807,2003-10-27,село Корюківка,2023-12-17,Личаківський РТЦК та СП м. Львова,вища,"дружина/чоловік — Пріска, діти — 1",,167-31-88
UNIT-0280,рядовий,Дашкевич,Едуард,Богодарович,Дашкевич Едуард Богодарович,чоловіча,02-085,водій,2-га механізована рота,2026-04-29,новобранець (мобілізація),2026-04-29,2026-05-01,№117,2026-05-01,начальник штабу батальйону,№350,2026-05-18,командувач Сухопутних військ ЗСУ,№742,військова служба за контрактом,2026-04-18,2029-04-18,,6284177225,Паспорт громадянина України (книжечка),ТЛ,437654,1995-05-26,місто Камінь-Каширський,2026-04-18,Київський РТЦК та СП Полтавської області,базова вища,неодружений(а),,013 402-66-50
UNIT-0281,рядовий,Демʼянюк,Орест,Венедиктович,Демʼянюк Орест Венедиктович,чоловіча,03-087,оператор БПЛА,3-тя механізована рота,2026-05-28,121 окрема бригада ТрО,2026-04-07,2026-04-10,№474,2026-05-28,командувач Сухопутних військ ЗСУ,№951,2026-04-16,командир батальйону,№856,військова служба за контрактом,2026-03-24,2029-03-24,,8621102258,Паспорт громадянина України (книжечка),ПТ,678725,1997-10-21,село Бережани,2026-03-24,Київський РТЦК та СП Полтавської області,професійно-технічна,"дружина/чоловік — Надія, діти — 2",,+380 (90) 674-47-16
UNIT-0282,рядовий,Кибкало,Олекса,Бориславович,Кибкало Олекса Бориславович,чоловіча,04-015,зв'язківець,Взвод забезпечення,2026-07-11,запас (повторний призов),2026-07-02,2026-07-03,№548,2026-07-13,командир бригади,№585,2026-07-13,командувач Сухопутних військ ЗСУ,№192,військова служба за контрактом,2026-07-01,2029-07-01,,3923126043,Паспорт громадянина України (ID-картка),,414363718,1982-12-04,хутір Апостолове,2026-07-01,Київський РТЦК та СП Полтавської області,повна загальна середня,"дружина/чоловік — Еріка, діти — 1",має посвідчення водія категорії C,066 84 33
UNIT-0283,рядовий,Полтавець,Єлисей,Макарович,Полтавець Єлисей Макарович,чоловіча,01-083,водій,1-ша механізована рота,2024-11-07,новобранець (мобілізація),2022-09-07,2022-09-10,№797,2024-11-09,командир бригади,№936,2024-06-26,командир батальйону,№455,військова служба за мобілізацією,,,на весь період мобілізації,6350200053,Паспорт громадянина України (книжечка),ГМ,041454,1994-06-25,хутір Заводське,2022-09-02,Київський РТЦК та СП Полтавської області,повна загальна середня,дружина/чоловік — Юстим,,624 75 54
UNIT-0284,старшина,Гавриш,Артем,Прохорович,Гавриш Артем Прохорович,чоловіча,00-014,заступник командира взводу,Управління батальйону,2023-05-28,переведення з іншої військової частини,2022-04-19,2022-04-21,№693,2023-05-29,командир бригади,№211,2025-01-30,командир батальйону,№471,військова служба за контрактом,2022-04-07,2023-04-07,,1129109337,Паспорт громадянина України (ID-картка),,559895343,1996-09-23,місто Новомиргород,2022-04-07,Приморський РТЦК та СП м. Одеси,вища,дружина/чоловік — Надія,,+380 73 820-23-68
UNIT-0285,рядовий,Ковпак,Франц,Тарасович,Ковпак Франц Тарасович,чоловіча,03-088,оператор БПЛА,3-тя механізована рота,2025-12-02,121 окрема бригада ТрО,2025-02-21,2025-02-21,№24,2025-12-02,начальник штабу батальйону,№655,2026-01-21,командир бригади,№329,військова служба за мобілізацією,,,на весь період мобілізації,2409036788,Паспорт громадянина України (ID-картка),,161768802,1989-04-02,село Лебедин,2025-02-07,Личаківський РТЦК та СП м. Львова,повна загальна середня,неодружений(а),,+380 (86) 694-32-02
UNIT-0286,рядовий,Захарченко,Михайло,Святославович,Захарченко Михайло Святославович,чоловіча,02-086,навідник,2-га механізована рота,2026-02-07,переведення з іншої військової частини,2022-03-25,2022-03-27,№105,2026-02-07,командир бригади,№556,2026-07-05,начальник штабу батальйону,№563,військова служба за мобілізацією,,,на весь період мобілізації,0834024240,Паспорт громадянина України (ID-картка),,844344812,1985-10-31,село Новоазовськ,2022-03-23,Соборний РТЦК та СП м. Дніпра,професійно-технічна,"дружина/чоловік — Богдан, діти — 2",,595-51-84
UNIT-0287,молодший сержант,Гуцуляк,Едуард,Остапович,Гуцуляк Едуард Остапович,чоловіча,02-087,заступник командира взводу,2-га механізована рота,2025-05-15,новобранець (мобілізація),2024-09-05,2024-09-08,№393,2025-05-15,командир батальйону,№89,2024-10-11,командувач Сухопутних військ ЗСУ,№402,військова служба за мобілізацією,,,на весь період мобілізації,8916498373,Паспорт громадянина України (книжечка),ЦБ,053424,1971-08-29,селище Горішні Плавні,2024-08-28,Личаківський РТЦК та СП м. Львова,вища,"дружина/чоловік — Мирослав, діти — 3",,+380 (27) 365-27-17
UNIT-0288,рядовий,Ейбоженко,Костянтин,Варфоломійович,Ейбоженко Костянтин Варфоломійович,чоловіча,01-084,водій,1-ша механізована рота,2024-06-24,запас (повторний призов),2023-09-05,2023-09-05,№480,2024-06-27,командир батальйону,№467,2026-01-25,начальник штабу батальйону,№701,військова служба за контрактом,2023-08-25,2024-08-25,,1216376182,Паспорт громадянина України (ID-картка),,724042269,1983-05-18,місто Кобеляки,2023-08-25,Приморський РТЦК та СП м. Одеси,професійно-технічна,"дружина/чоловік — Соломія, діти — 2",,100-23-14
UNIT-0289,рядовий,Данильчук,Ярослав,Петрович,Данильчук Ярослав Петрович,чоловіча,01-085,зв'язківець,1-ша механізована рота,2022-05-17,Навчальний центр Сухопутних військ,2022-04-18,2022-04-20,№473,2022-05-20,командир бригади,№290,2023-03-02,начальник штабу батальйону,№619,військова служба за мобілізацією,,,на весь період мобілізації,2457230848,Паспорт громадянина України (книжечка),ГМ,851327,2000-10-30,місто Хмельницький,2022-04-06,Київський РТЦК та СП Полтавської області,повна загальна середня,неодружений(а),проходить строкову медичну комісію,184-18-62
UNIT-0290,рядовий,Абрамчук,Юстим,Віталійович,Абрамчук Юстим Віталійович,чоловіча,01-086,кулеметник,1-ша механізована рота,2023-05-08,Навчальний центр «Десна»,2022-05-21,2022-05-23,№636,2023-05-12,командир бригади,№562,2024-03-02,командир бригади,№998,військова служба за мобілізацією,,,на весь період мобілізації,3145195151,Паспорт громадянина України (ID-картка),,625436172,1978-02-02,село Гайворон,2022-05-09,Приморський РТЦК та СП м. Одеси,професійно-технічна,"дружина/чоловік — Єлисей, діти — 2",,+380 92 624-94-51
UNIT-0291,молодший сержант,Левченко,Христина,Панасівна,Левченко Христина Панасівна,жіноча,03-089,заступник командира взводу,3-тя механізована рота,2025-11-15,запас (повторний призов),2025-04-23,2025-04-24,№588,2025-11-16,командувач Сухопутних військ ЗСУ,№118,2025-06-13,командувач Сухопутних військ ЗСУ,№334,військова служба за контрактом,2025-04-15,2026-04-15,,9642152265,Паспорт громадянина України (ID-картка),,022526771,1978-04-18,хутір Кривий Ріг,2025-04-15,Київський РТЦК та СП Полтавської області,повна загальна середня,"дружина/чоловік — Тетяна, діти — 1",,+380 (95) 236-68-78
UNIT-0292,старший сержант,Яремчук,Максим,Михайлович,Яремчук Максим Михайлович,чоловіча,01-087,заступник командира взводу,1-ша механізована рота,2025-10-02,запас (повторний призов),2024-02-13,2024-02-16,№830,2025-10-07,командир батальйону,№776,2024-06-16,командир бригади,№677,військова служба за контрактом,2024-02-08,2025-02-08,,5030587210,Паспорт громадянина України (книжечка),ДУ,968931,1986-08-07,селище Черкаси,2024-02-08,Личаківський РТЦК та СП м. Львова,професійно-технічна,неодружений(а),,047 286 33 30
UNIT-0293,рядовий,Ґоляш,Богодар,Святославович,Ґоляш Богодар Святославович,чоловіча,03-090,зв'язківець,3-тя механізована рота,2024-12-24,переведення з іншої військової частини,2023-05-18,2023-05-20,№9,2024-12-27,командувач Сухопутних військ ЗСУ,№868,2026-06-25,командир бригади,№873,військова служба за контрактом,2023-05-14,2026-05-14,,0252131096,Паспорт громадянина України (ID-картка),,065019179,1981-05-11,село Мар'їнка,2023-05-14,Соборний РТЦК та СП м. Дніпра,повна загальна середня,дружина/чоловік — Роман,має посвідчення водія категорії C,084 765 70 41
UNIT-0294,рядовий,Дейнека,Амвросій,Панасович,Дейнека Амвросій Панасович,чоловіча,01-088,сапер,1-ша механізована рота,2025-01-09,запас (повторний призов),2022-06-16,2022-06-16,№326,2025-01-10,командувач Сухопутних військ ЗСУ,№416,2025-08-12,командувач Сухопутних військ ЗСУ,№446,військова служба за мобілізацією,,,на весь період мобілізації,4362418623,Паспорт громадянина України (ID-картка),,282066784,2004-09-30,місто Гуляйполе,2022-06-03,Київський РТЦК та СП Полтавської області,повна загальна середня,неодружений(а),,+380 (28) 917-75-66
UNIT-0295,старшина,Дерегус,Альберт,Федорович,Дерегус Альберт Федорович,чоловіча,01-089,заступник командира взводу,1-ша механізована рота,2026-03-31,Навчальний центр «Десна»,2025-05-06,2025-05-09,№138,2026-04-01,командир батальйону,№74,2025-09-21,командир батальйону,№148,військова служба за мобілізацією,,,на весь період мобілізації,2811390438,Паспорт громадянина України (ID-картка),,411159503,1989-10-19,місто Долина,2025-04-23,Приморський РТЦК та СП м. Одеси,базова вища,дружина/чоловік — Людмила,,990 97 00
UNIT-0296,старший солдат,Оніщук,Арсен,Давидович,Оніщук Арсен Давидович,чоловіча,02-088,санітар-інструктор,2-га механізована рота,2025-04-12,Навчальний центр Сухопутних військ,2022-03-31,2022-04-01,№394,2025-04-15,начальник штабу батальйону,№232,2024-08-15,командир бригади,№435,військова служба за мобілізацією,,,на весь період мобілізації,8182096790,Паспорт громадянина України (ID-картка),,683565215,1998-04-24,село Вишневе,2022-03-22,Київський РТЦК та СП Полтавської області,повна загальна середня,"дружина/чоловік — Охрім, діти — 3",,+380 11 332 28 89
UNIT-0297,старший солдат,Прокопович,Климент,Трохимович,Прокопович Климент Трохимович,чоловіча,02-089,зв'язківець,2-га механізована рота,2024-09-14,запас (повторний призов),2023-04-07,2023-04-07,№82,2024-09-18,командир бригади,№748,2024-07-01,начальник штабу батальйону,№477,військова служба за мобілізацією,,,на весь період мобілізації,9912971024,Паспорт громадянина України (книжечка),УР,596063,1984-10-21,хутір Болехів,2023-04-07,Київський РТЦК та СП Полтавської області,повна загальна середня,"дружина/чоловік — Роксолана, діти — 1",,+380 24 214-95-51
UNIT-0298,сержант,Безбородько,Валерій,Семенович,Безбородько Валерій Семенович,чоловіча,02-090,старшина роти,2-га механізована рота,2026-03-26,Навчальний центр Сухопутних військ,2026-02-04,2026-02-06,№465,2026-03-30,командувач Сухопутних військ ЗСУ,№588,2026-04-26,начальник штабу батальйону,№432,військова служба за мобілізацією,,,на весь період мобілізації,5466927589,Паспорт громадянина України (книжечка),ЩА,472197,1973-04-16,селище Бобринець,2026-01-25,Соборний РТЦК та СП м. Дніпра,вища,дружина/чоловік — Оксана,,+380 40 903 80 21
UNIT-0299,рядовий,Матвієнко,Іван,Вадимович,Матвієнко Іван Вадимович,чоловіча,00-015,сапер,Управління батальйону,2026-06-14,запас (повторний призов),2025-07-18,2025-07-21,№640,2026-06-18,командир батальйону,№294,2025-08-15,командувач Сухопутних військ ЗСУ,№85,військова служба за мобілізацією,,,на весь період мобілізації,8711216636,Паспорт громадянина України (книжечка),КЮ,367157,2002-06-23,місто Івано-Франківськ,2025-07-18,Личаківський РТЦК та СП м. Львова,професійно-технічна,дружина/чоловік — Надія,,+380 37 147 08 27
UNIT-0300,рядовий,Данькевич,Олесь,Вікторович,Данькевич Олесь Вікторович,чоловіча,01-090,кулеметник,1-ша механізована рота,2026-02-07,121 окрема бригада ТрО,2024-11-23,2024-11-24,№802,2026-02-11,командир бригади,№497,2024-12-08,командир бригади,№819,військова служба за контрактом,2024-11-14,2029-11-14,,0306442121,Паспорт громадянина України (книжечка),ЮЕ,960567,1985-02-12,хутір Благовіщенське,2024-11-14,Київський РТЦК та СП Полтавської області,вища,дружина/чоловік — Марта,,+380 68 342 01 65
